example_id,pair_id,conversation_id,customer_message,context_before_customer,brand_response,is_initial_inquiry,existing_heuristic_intent,existing_candidate_intents,hard_case_category,response_type,sampling_stratum,human_primary_intent,human_secondary_intents,human_is_ambiguous,human_is_multi_intent,human_notes,annotation_status,annotation_method,suggested_primary_intent,suggested_secondary_intents,suggested_is_ambiguous,suggested_is_multi_intent,suggested_notes,suggestion_confidence,suggestion_reasoning
cand_0001,pair_43459_43458,43459,Hey @SpotifyCares why are there certain songs that the app wont allow me to play anymore?,,@125641 Hey! Are you getting any error messages whenever you try playing certain songs? A screenshot of what you're seeing will also be handy /MA,True,unclear_insufficient_context,,normal,Clarification / Request for Info,intent_coverage_unclear_insufficient_context,playback_streaming_issue,,False,False,,reviewed,,,,,,,,
cand_0002,pair_44240_44238,44240,for some reason i can’t get my local files on spotify to become available on my phone again like i don’t know what happened 😡,,"@125830 Hi there, that doesn't sound good! Can you let us know the device, operating system, and Spotify version you're rocking? We'll see what we can suggest /AK",True,playlist_library_curation,playlist_library_curation,normal,Clarification / Request for Info,intent_coverage_playlist_library_curation,app_technical_device,,False,False,,reviewed,,,,,,,,
cand_0003,pair_44294_44293,44294,@SpotifyCares my wife invited me to family premium. Where do I input the invite code to accept the invitation?,,"@125846 Hey Steven! Don't worry, help's here. Can you DM us your account's email address or username? We'll take a look backstage /MT",True,plan_management_discount,plan_management_discount,normal,Redirect / DM,intent_coverage_plan_management_discount,plan_management_discount,,False,False,,reviewed,,,,,,,,
cand_0004,pair_45755_45753,45755,@115888 BUT WHY https://t.co/EVCaXjR4cH,,"@126143 Hi Karen! You can save up to 3,333 offline tracks on your offline device. More info at https://t.co/WSjJgGAmPy /DV",True,unclear_insufficient_context,,insufficient_context,Other / Miscellaneous,hard_case_insufficient_context,unclear_insufficient_context,,True,False,,reviewed,,,,,,,,
cand_0005,pair_54539_54538,54539,What? Kool Keith's album Dr. Octogonocologist isn't on @115888? Do I have to switch back to Google Play Music?,,@128357 Hi Matt. We’ll have it available to you as soon as it’s available to us! More info at https://t.co/0i8GpimuDa /DV,True,other_miscellaneous,,normal,Other / Miscellaneous,intent_coverage_other_miscellaneous,content_catalog_licensing,,False,False,,reviewed,,,,,,,,
cand_0006,pair_74904_74906,74905,"@SpotifyCares But 3,333 songs is practically a third of my library and I want to download my whole library on my phone😭😭","Customer: @115888 offline download limit. WHAAT. WHAAT. WHAAAAAT.
Brand: @132762 Hey there! Right now, there's a download limit of 3,333 tracks on 3 separate devices. We have more info here: https://t.co/WpO5bMgnzC. Let us know if you have any other questions /DN","@132762 We hear you 🎧 Thanks for taking the time to reach out – your feedback will be passed on to the right folks. For anything else, feel free to send a tweet our way /DN",False,offline_downloads_issue,"offline_downloads_issue,playlist_library_curation",multi_intent,Other / Miscellaneous,hard_case_multi_intent,offline_downloads_issue,,False,False,,reviewed,,,,,,,,
cand_0007,pair_83683_83682,83683,"WTELF...?! The song showing on @spotifycares app is not the song playing, &amp; @13281 Android app stops updating scrobbles after 2 or 3 tracks &amp; I can't restart the app to track properly. The blue hell is going on here? I'm not even using Connect FCOL! X_X;",,"@134389 Hey, that doesn't sound right. Can you let us know the Android and Spotify versions you're using? Also, is your Last.fm app up to date? /RH",True,playback_streaming_issue,playback_streaming_issue,normal,Clarification / Request for Info,intent_coverage_playback_streaming_issue,app_technical_device,,False,False,,reviewed,,,,,,,,
cand_0008,pair_89549_89547,89549,@spotifycares I think my account got hacked. But I can't contact you. Advise.,,@135369 Hey there! That doesn't sound good. Can you DM us your account's email address or username? We'll take a look backstage /PB https://t.co/ldFdZRiNAt,True,account_access_credentials,account_access_credentials,normal,Redirect / DM,intent_coverage_account_access_credentials,account_access_credentials,,False,False,,reviewed,,,,,,,,
cand_0009,pair_93941_2773475,93906,@115888 Until when is this promo po?,Customer: Unli skips. Unli fun. 3 months of Premium for ₱9. https://t.co/FvaKgfarZy,@775174 Hi there! Our Holiday Campaign is up until the 31st Dec of 2017. Hope this helps /XF,False,playback_streaming_issue,,context_dependent_followup,Other / Miscellaneous,hard_case_context_dependent_followup,,,,,,pending,,playback_streaming_issue,,False,False,Context used because the customer message alone was underspecified. Brand response shown for reviewer orientation only.,medium,"Customer follow-up is underspecified, but preceding context matches playback_streaming_issue."
cand_0010,pair_110043_1822595,110040,@115888 are u serious,Customer: 3 months of Premium is just RM2. Play music offline wherever you go. https://t.co/QyR3BuP6Pm,"@547143 Hi there! Hey! Don’t worry, we can help. What’s happening exactly? We'll see what we can suggest /DR",False,offline_downloads_issue,,context_dependent_followup,Clarification / Request for Info,hard_case_context_dependent_followup,,,,,,pending,,offline_downloads_issue,,False,False,Context used because the customer message alone was underspecified. Brand response shown for reviewer orientation only.,medium,"Customer follow-up is underspecified, but preceding context matches offline_downloads_issue."
cand_0011,pair_115235_115236,115233,@SpotifyCares Android 7.1.1 Spotify 8.4.28.875,"Customer: @115888 will you optimise spotify for galaxy note 8?
And since I'm coming from iOS, can't you add gestures for ""queue"" and ""add to my songs,"" it's really useful
Brand: @141622 Hey there! Thanks for the feedback. We'll make sure to pass your suggestion about the gestures on to the right folks. Are you having issues using Spotify on your Galaxy Note 8? /PC
Customer: @SpotifyCares It's just not optimised for the aspect ratio of the phone
Brand: @141622 Hmm. Can you send us your Android and Spotify app versions? We'll see what we can suggest /PC",@141622 Thanks. Can you send us a screenshot of what you see? We'll check it out /NY,False,playlist_library_curation,,context_dependent_followup,Clarification / Request for Info,hard_case_context_dependent_followup,,,,,,pending,,playlist_library_curation,other_miscellaneous,True,True,Context used because the customer message alone was underspecified. Brand response shown for reviewer orientation only.,medium,"Multiple taxonomy patterns matched (playlist_library_curation, other_miscellaneous); guideline priority rules select playlist_library_curation."
cand_0012,pair_128851_128849,128851,@spotifycares it's 2017 why do I have a 3333 offline song limit on my spotify? Do you really want @GooglePlayMusic to get that 9.99 a month off me? Ps pls emulate their local files synching.,,"@144986 Hey Ben! Right now, there's a download limit of 3,333 tracks on 3 separate devices. We have more info here: https://t.co/WDXVuJV0dh /NS",True,offline_downloads_issue,"offline_downloads_issue,playlist_library_curation",multi_intent,Other / Miscellaneous,hard_case_multi_intent,,,,,,pending,,offline_downloads_issue,playlist_library_curation,True,True,Brand response shown for reviewer orientation only.,medium,"Multiple taxonomy patterns matched (offline_downloads_issue, playlist_library_curation); guideline priority rules select offline_downloads_issue."
cand_0013,pair_152224_152223,152224,why don't i have free hulu anymore? @115888,,"@150784 Hey there, we'd love to look into this for you. Can you DM us your account's username/email? We'll check backstage /JP https://t.co/ldFdZRiNAt",True,plan_management_discount,plan_management_discount,normal,Redirect / DM,intent_coverage_plan_management_discount,,,,,,pending,,plan_management_discount,,False,False,Brand response shown for reviewer orientation only.,high,Customer message contains specific evidence matching plan_management_discount in the documented taxonomy.
cand_0014,pair_189310_189311,189315,@SpotifyCares @115888 I won't take no for an answer or stop so make it happen!,"Customer: @SpotifyCares @115888 Is there any way to view the songs on last week's Discover Weekly playlist please???
Brand: @160405 Hey there! Unfortunately, we're unable to recover your previous Discover Weekly. We'd suggest saving your favorites moving forward /LP
Customer: @SpotifyCares @115888 Come on that's absurd SOMEONE at Spotify can email me the list from last week. Pretty absurd if u don't tell me.
Brand: @160405 Sorry you feel that way. Rest assured, your feedback will be passed on to the right folks /NQ
Customer: @SpotifyCares Its not how I feel. It's a FACT that many @115888 employees have access to that info so please send it to me.","@160405 At this time, we're afraid it's not possible for us to retrieve the info. Thanks for sharing your thoughts /NQ",False,playlist_library_curation,,normal,Information / Explanation,multi_turn_followup,,,,,,pending,,playlist_library_curation,,False,False,Context used because the customer message alone was underspecified. Brand response shown for reviewer orientation only.,medium,"Customer follow-up is underspecified, but preceding context matches playlist_library_curation."
cand_0015,pair_189935_2037061,189825,@115888 I have spotify premium with the student discount already... do I have to pay for Hulu as well?,Customer: Students now get access to Hulu with Spotify Premium. And it’s still just $4.99/month.  https://t.co/u2Yb1qUpnR,@602280 Hey there! Can you DM us your account's email address? We'll take a look /RB https://t.co/ldFdZRiNAt,False,billing_subscription_payment,"billing_subscription_payment,plan_management_discount",multi_intent,Redirect / DM,hard_case_multi_intent,,,,,,pending,,billing_subscription_payment,plan_management_discount,False,True,Brand response shown for reviewer orientation only. Financial-support category requires human review before final annotation.,medium,"Multiple taxonomy patterns matched (billing_subscription_payment, plan_management_discount); guideline priority rules select billing_subscription_payment."
cand_0016,pair_199121_199122,199121,@SpotifyCares Please don’t make this the default view of artwork when playing a song. Thanks. https://t.co/ihBfPlxirS,,@162922 1: Hi Jonny! Thanks for your feedback. Only some Spotify-created playlists currently have that format. We're always testing things in...,True,playback_streaming_issue,playback_streaming_issue,normal,Other / Miscellaneous,intent_coverage_playback_streaming_issue,,,,,,pending,,playback_streaming_issue,other_miscellaneous,True,True,Brand response shown for reviewer orientation only.,medium,"Multiple taxonomy patterns matched (playback_streaming_issue, other_miscellaneous); guideline priority rules select playback_streaming_issue."
cand_0017,pair_199174_199172,199174,@115888 if you made speakers with the same functionality as Sonos (sound quality too) you'd take over the world,,"@162936 We hear you loud and clear, Jamie! Your feedback has been noted and passed onto the team 👊🏼 /MA",True,app_technical_device,app_technical_device,normal,Other / Miscellaneous,intent_coverage_app_technical_device,,,,,,pending,,app_technical_device,,False,False,Brand response shown for reviewer orientation only.,high,Customer message contains specific evidence matching app_technical_device in the documented taxonomy.
cand_0018,pair_226187_226191,226187,@SpotifyCares @115888 @127637 all my saved and downloaded songs suddenly disappeared whyyy??? Good thing my playlists are still good,,@169999 1. Hey Chantal! Head over here to know more about why this could've happened and which steps to take next: https://t.co/XpxqnLhytY.,True,offline_downloads_issue,"offline_downloads_issue,playlist_library_curation",multi_intent,Other / Miscellaneous,hard_case_multi_intent,,,,,,pending,,offline_downloads_issue,playlist_library_curation,True,True,Brand response shown for reviewer orientation only.,medium,"Multiple taxonomy patterns matched (offline_downloads_issue, playlist_library_curation); guideline priority rules select offline_downloads_issue."
cand_0019,pair_257849_1802422,257848,@125633 Is there a tool to post a playlist from an artist page yet? It'd be good to share playlists with fans that don't lead back to personal page,Customer: Great news: You can now edit your artist bio on Spotify! Learn more here: https://t.co/IpYag6Y4RH https://t.co/u2eZp4OgDv,"@541590 Hey! You can contact our Artist team here: https://t.co/p1wbtdELHu! If you've reached out, DM us your email address &amp; we'll chase it up /Q https://t.co/ldFdZRiNAt",False,content_catalog_licensing,"content_catalog_licensing,playlist_library_curation",multi_intent,Redirect / DM,hard_case_multi_intent,playlist_library_curation,,False,False,,reviewed,human_override,content_catalog_licensing,playlist_library_curation,True,True,Brand response shown for reviewer orientation only.,medium,"Multiple taxonomy patterns matched (content_catalog_licensing, playlist_library_curation); guideline priority rules select content_catalog_licensing."
cand_0020,pair_257844_257843,257848,@SpotifyCares I am having a similar issue. When I paste my bio it isn't showing up. It is also not letting me paste my wiki link.,"Customer: Great news: You can now edit your artist bio on Spotify! Learn more here: https://t.co/IpYag6Y4RH https://t.co/u2eZp4OgDv
Customer: @125633 I'm not able to click in the box to type to add my bio?!?!?! Has anyone else had this problem?
Brand: @177342 Hi Mali, help's here! What device are you trying to edit your artist bio from? Have you tried an incognito window or different browser? /T",@177341 2: You might also want to try using an incognito window. Let us know how it goes /MQ,False,content_catalog_licensing,,normal,Other / Miscellaneous,multi_turn_followup,,,,,,pending,,content_catalog_licensing,other_miscellaneous,True,True,Context used because the customer message alone was underspecified. Brand response shown for reviewer orientation only.,medium,"Multiple taxonomy patterns matched (content_catalog_licensing, other_miscellaneous); guideline priority rules select content_catalog_licensing."
cand_0021,pair_261670_261668,261680,@SpotifyCares @178316 the correct artists on the song would be @178316 (https://t.co/ut7LdsbV31) and me (https://t.co/AeaVD76eKj). Mine seems to be correct.,"Customer: This is not ok. i am beyond pissed. https://t.co/Arr2BNcsN3
Customer: @178316 @SpotifyCares please fix? =)
Brand: @178315 Hey there! We'd love to help. Can you let us know what's happening exactly? /RC
Customer: @SpotifyCares I recently asked to have my multiple accounts merged. This song was one of the ones being 'moved', and I'm not sure if this is connected 1/2
Customer: @SpotifyCares But the original artist is this @178316 ,and the song is now under a different Sekai. Even though it was originally under the right one.",@178315 Got it. We'll get this reported. Great detective work! https://t.co/LpsmyUtme0 /RC,False,content_catalog_licensing,,normal,Other / Miscellaneous,multi_turn_followup,,,,,,pending,,content_catalog_licensing,other_miscellaneous,True,True,Context used because the customer message alone was underspecified. Brand response shown for reviewer orientation only.,medium,"Multiple taxonomy patterns matched (content_catalog_licensing, other_miscellaneous); guideline priority rules select content_catalog_licensing."
cand_0022,pair_278130_278131,278132,@SpotifyCares It worked thank you🙏👌🏻,"Customer: @SpotifyCares what does the Red Download sign mean
Customer: @SpotifyCares Im on ios 10.0.2 on an iPhone 5s
Brand: @182416 Got it! Are you getting any error messages? If you can send us a screenshot of what you're seeing, that'd be great /PL
Customer: @SpotifyCares And in the Album
Brand: @182416 Thanks! Can you check if restarting your router helps? Can you also try using a 3G/4G connection to see if it will do the same thing? /PL
Customer: @SpotifyCares But is that the only Thing i Can do?
Brand: @182416 Can you try logging out &gt; restarting the device &gt; logging back in? Let us know if it makes any difference /PL",@182416 Great! Glad to hear it's working. Just let us know if we can help with anything else. https://t.co/m4HWSbgHVZ /PL,False,offline_downloads_issue,,context_dependent_followup,Generic Acknowledgement,hard_case_context_dependent_followup,offline_downloads_issue,,False,False,,reviewed,human_override,other_miscellaneous,,False,False,Brand response shown for reviewer orientation only.,low,No specific support-domain evidence matched; guidelines keep this as other_miscellaneous rather than inventing a label.
cand_0023,pair_280591_280590,280591,@115888 why don't you work on my wifi traveling to work? And your app isn't given me the option to upgrade to premium.. my data is low,,@182850 1: Hey Sophie! Can you let us know your device's make/model and the versions of its OS and the Spotify app? We'll see what we can do to help,True,plan_management_discount,plan_management_discount,normal,Clarification / Request for Info,intent_coverage_plan_management_discount,,,,,,pending,,plan_management_discount,,False,False,Brand response shown for reviewer orientation only.,high,Customer message contains specific evidence matching plan_management_discount in the documented taxonomy.
cand_0024,pair_312211_312209,312211,"@SpotifyCares I'm unable to play any of the tracks from here on Android. Any idea why?
https://t.co/4JC0SfRU1g",,"@190563 Hey Miles! Does logging out, restarting your device, and logging back in make a difference? /LO",True,unclear_insufficient_context,,normal,Troubleshooting / Actionable,intent_coverage_unclear_insufficient_context,,,,,,pending,,unclear_insufficient_context,,True,False,Brand response shown for reviewer orientation only.,low,Customer message and available context lack enough diagnostic detail; guidelines route this to unclear_insufficient_context.
cand_0025,pair_315118_315117,315118,"@SpotifyCares Hi, I can't login on android. App keeps telling me the device is offline. When I press""connect"", nothing happens. Please help",,@191231 Hi there! Help's here. Can you try restarting your device to see if it makes a difference? Keep us posted /MU,True,offline_downloads_issue,"offline_downloads_issue,account_access_credentials",multi_intent,Troubleshooting / Actionable,hard_case_multi_intent,,,,,,pending,,offline_downloads_issue,account_access_credentials,True,True,Brand response shown for reviewer orientation only.,medium,"Multiple taxonomy patterns matched (offline_downloads_issue, account_access_credentials); guideline priority rules select offline_downloads_issue."
cand_0026,pair_315362_315361,315362,"@115888 So, when are you lot changing the time capsule now playing page to every playlist? looks damn goood",,"@191286 Hey there! We don't have any info to share right now, but we'll let the right team know it's something you'd like to see /AN",True,playlist_library_curation,"playback_streaming_issue,playlist_library_curation",multi_intent,Other / Miscellaneous,hard_case_multi_intent,,,,,,pending,,playlist_library_curation,playback_streaming_issue,True,True,Brand response shown for reviewer orientation only.,medium,"Multiple taxonomy patterns matched (playback_streaming_issue, playlist_library_curation); guideline priority rules select playlist_library_curation."
cand_0027,pair_322402_322401,322402,@SpotifyCares I haven’t been able to skip a song on my phone in 2 weeks? I thought you got 5 a day?,,@192808 Hi there! Help's here. Can you see if logging out &gt; restarting your device &gt; logging back in makes a difference Keep us posted /MU,True,other_miscellaneous,,normal,Troubleshooting / Actionable,intent_coverage_other_miscellaneous,,,,,,pending,,other_miscellaneous,,False,False,Brand response shown for reviewer orientation only.,low,No specific support-domain evidence matched; guidelines keep this as other_miscellaneous rather than inventing a label.
cand_0028,pair_371972_371971,371972,@SpotifyCares I've been trying to get access to my artist page for two months. Is the wait normal?Is there anything I can do to speed it up?,,"@204112 Hey there! Could you DM us your artist URI, and your contact email address? We’ll chase this up /NQ https://t.co/ldFdZRiNAt",True,content_catalog_licensing,content_catalog_licensing,normal,Redirect / DM,intent_coverage_content_catalog_licensing,,,,,,pending,,content_catalog_licensing,,False,False,Brand response shown for reviewer orientation only.,high,Customer message contains specific evidence matching content_catalog_licensing in the documented taxonomy.
cand_0029,pair_377563_377565,377564,@SpotifyCares it says im offline on the desktop app but im connected to the wifi...and for the webplayer it’s stuck on an ad that wont play...,"Customer: @115888 your desktop app and online web player have been troublesome for the past few days, what gives
Brand: @205597 Hey there! Can you let us know what's happening exactly? We'll see what we can suggest /FR",@205597 That's not cool. Does logging out &gt; restarting the device &gt; logging back in help? Keep us posted /VK,False,offline_downloads_issue,"playback_streaming_issue,offline_downloads_issue,app_technical_device",multi_intent,Troubleshooting / Actionable,hard_case_multi_intent,app_technical_device,playback_streaming_issue,False,True,,reviewed,human_override,offline_downloads_issue,"playback_streaming_issue,app_technical_device",True,True,Brand response shown for reviewer orientation only.,medium,"Multiple taxonomy patterns matched (playback_streaming_issue, offline_downloads_issue, app_technical_device); guideline priority rules select offline_downloads_issue."
cand_0030,pair_378898_378897,378899,@115888 pls I’m pretty sure this is not what u call a shuffle lol https://t.co/5JeEKhMKLb,Customer: honestly hmu when @115888 shuffle doesn’t let me down,@205917 Hey! Looks like you're using Connect. The right team are aware of this issue between Shuffle and Connect and they're investigating /RH,False,playlist_library_curation,playlist_library_curation,normal,Other / Miscellaneous,multi_turn_followup,,,,,,pending,,playlist_library_curation,,False,False,Brand response shown for reviewer orientation only.,high,Customer message contains specific evidence matching playlist_library_curation in the documented taxonomy.
cand_0031,pair_384897_384896,384897,@spotifycares my student discount wasn’t applied to this months bill and I’m not paying £10? Please can you sort,,@207123 Hi there! Can you DM us your account's email address and username? We'll take a closer look /SC https://t.co/ldFdZRiNAt,True,billing_subscription_payment,"billing_subscription_payment,plan_management_discount",multi_intent,Redirect / DM,hard_case_multi_intent,,,,,,pending,,billing_subscription_payment,plan_management_discount,False,True,Brand response shown for reviewer orientation only. Financial-support category requires human review before final annotation.,medium,"Multiple taxonomy patterns matched (billing_subscription_payment, plan_management_discount); guideline priority rules select billing_subscription_payment."
cand_0032,pair_396203_396204,396206,@SpotifyCares Just sent you a DM,"Customer: @SpotifyCares Hi I was wondering when the Recently Played Artists section is going to be fixed? Mine hasn’t updated in months, many thanks
Brand: @209815 Hey Alex, help's here. Can you let us know the device, OS, and Spotify version you're using? We'll see what we can suggest /KL
Customer: @SpotifyCares I’m using a MacBook Air, macOS Sierra (10.12.6) &amp; the latest version of Spotify (1.0.65.320). I’ve tried clearing the storage cache as well.
Brand: @209815 Thanks! Is this happening while connected to WiFi, 3G/4G or both? /KL
Customer: @SpotifyCares I’m just on WiFi.
Brand: @209815 Got it. Have you tried connecting to another network? Keep us in the loop /KL
Customer: @SpotifyCares I’m at uni right now, so I’m with their ISP, it’s been the same back home with my ISP, so yes I’ve been on different networks.
Brand: @209815 Okay! Does logging out &gt; restarting the device &gt; logging back in help? Keep us posted /KL
Customer: @SpotifyCares It doesn’t no, I don’t think it’s an issue with my computer. I’ve seen online that other people’s recently played doesn’t update as well.
Brand: @209815 That's odd. Just to be sure, are you usually on Private Session? If so, this might be the reason why it hasn't updated /KL
Customer: @SpotifyCares No I don’t use a private session, I think it’s not updating with a server or something, that’s why there’s artists I don’t listen to on it.
Brand: @209815 Can you DM us your account's username and email address? We'll take a look backstage /KL https://t.co/ldFdZRiNAt",@209815 Hey Alex! We've just sent you a DM. Let's carry on chatting there 🙂 /KL,False,offline_downloads_issue,,context_dependent_followup,Other / Miscellaneous,hard_case_context_dependent_followup,,,,,,pending,,offline_downloads_issue,"account_access_credentials,app_technical_device,other_miscellaneous",True,True,Context used because the customer message alone was underspecified. Brand response shown for reviewer orientation only.,medium,"Multiple taxonomy patterns matched (offline_downloads_issue, account_access_credentials, app_technical_device, other_miscellaneous); guideline priority rules select offline_downloads_issue."
cand_0033,pair_404220_404219,404222,"@SpotifyCares Really getting fed up with this app that can’t maintain downloaded files, has been a problem for over a year for me",Customer: .@SpotifyCares standing at an airport terminal and found that my iPhone Spotify app deleted my entire downloaded library for the 12th time.,"@211677 1: Hey Chase, sorry to hear that! Check out the steps under “Downloads unexpectedly removed”...",False,offline_downloads_issue,offline_downloads_issue,normal,Other / Miscellaneous,multi_turn_followup,,,,,,pending,,offline_downloads_issue,,False,False,Brand response shown for reviewer orientation only.,high,Customer message contains specific evidence matching offline_downloads_issue in the documented taxonomy.
cand_0034,pair_411619_411618,411619,my spotify on my mac keeps crashing please help @SpotifyCares,,@213195 Hey Emily! That's not cool. Does logging out &gt; restarting the device &gt; logging back in help? Keep us posted /RV,True,app_technical_device,app_technical_device,normal,Troubleshooting / Actionable,intent_coverage_app_technical_device,,,,,,pending,,app_technical_device,,False,False,Brand response shown for reviewer orientation only.,high,Customer message contains specific evidence matching app_technical_device in the documented taxonomy.
cand_0035,pair_416509_416508,416509,i wish there was a replay button on spotify,,@214358 Hey there! Thanks for the feedback – we appreciate it! We’ll get this passed onto the right team 💚 /MO,True,other_miscellaneous,,normal,Other / Miscellaneous,intent_coverage_other_miscellaneous,,,,,,pending,,other_miscellaneous,,False,False,Brand response shown for reviewer orientation only.,low,No specific support-domain evidence matched; guidelines keep this as other_miscellaneous rather than inventing a label.
cand_0036,pair_426791_426790,426791,@SpotifyCares I was just billed twice. Help. Please.,,@216508 Hi there! Can you DM us your account's email address? We'll have a look backstage /ST https://t.co/ldFdZRiNAt,True,billing_subscription_payment,billing_subscription_payment,normal,Redirect / DM,intent_coverage_billing_subscription_payment,,,,,,pending,,billing_subscription_payment,,False,False,Brand response shown for reviewer orientation only. Financial-support category requires human review before final annotation.,high,Customer message contains specific evidence matching billing_subscription_payment in the documented taxonomy.
cand_0037,pair_465262_465265,465266,@SpotifyCares __email__,"Customer: Help @SpotifyCares
Customer: @SpotifyCares Im using a Samsung galaxy s7
Brand: @225673 Can you fire over your account's email address? We'll take a look backstage /RA","@225673 Oops, sorry about that. For security reasons, we'd suggest removing the tweet that contains your email address and sending us a DM instead /RA https://t.co/ldFdZRiNAt",False,account_access_credentials,,context_dependent_followup,Redirect / DM,hard_case_context_dependent_followup,,,,,,pending,,account_access_credentials,,False,False,Context used because the customer message alone was underspecified. Brand response shown for reviewer orientation only. Account/security category requires human review before final annotation.,medium,"Customer follow-up is underspecified, but preceding context matches account_access_credentials."
cand_0038,pair_466099_466098,466099,"@SpotifyCares @117153 @115888 why don't the music we save get saved either in the order we save them or by the album release date? And also, why make the whole album visible when we enter and artist? 😓😧",,"@225898 Hey Kaio! We appreciate your comments. We don't have any info on this right now, but we'll pass your feedback on to the right team. In the meantime, you can try to sort and filter your songs. More info here:https://t.co/myAf3mlgcv /MO",True,content_catalog_licensing,content_catalog_licensing,normal,Information / Explanation,intent_coverage_content_catalog_licensing,,,,,,pending,,content_catalog_licensing,,False,False,Brand response shown for reviewer orientation only.,high,Customer message contains specific evidence matching content_catalog_licensing in the documented taxonomy.
cand_0039,pair_468356_617812,468354,@117153 I can't pay with PayPal today to upgrade to premium!,Customer: We're investigating some payment issues and working hard to get things fixed. We'll provide updates here as we receive them.,@266582 Hey Matteo! Can you DM us your account's username and email address? We'll take a look backstage /SY https://t.co/ldFdZRiNAt,False,billing_subscription_payment,"billing_subscription_payment,plan_management_discount",multi_intent,Redirect / DM,hard_case_multi_intent,,,,,,pending,,billing_subscription_payment,plan_management_discount,False,True,Brand response shown for reviewer orientation only. Financial-support category requires human review before final annotation.,medium,"Multiple taxonomy patterns matched (billing_subscription_payment, plan_management_discount); guideline priority rules select billing_subscription_payment."
cand_0040,pair_468938_468937,468938,@SpotifyCares is there a Spotify apple watch app? I can't find it,,@226654 Hey Jason! Check out the official idea and add your vote to let our devs know it's something you'd like to see: https://t.co/BysL5LFq6X /LO,True,app_technical_device,app_technical_device,normal,Other / Miscellaneous,intent_coverage_app_technical_device,,,,,,pending,,app_technical_device,,False,False,Brand response shown for reviewer orientation only.,high,Customer message contains specific evidence matching app_technical_device in the documented taxonomy.
cand_0041,pair_500953_500952,500953,@SpotifyCares Hi can't update payment info with new payment method. Tried canceling account and that didn't work either. HELP!,,"@234667 Hey Spencer, help's here. Can you DM us your account's email address and username? We'll take a look backstage /TX https://t.co/ldFdZRiNAt",True,billing_subscription_payment,"billing_subscription_payment,app_technical_device",multi_intent,Redirect / DM,hard_case_multi_intent,,,,,,pending,,billing_subscription_payment,app_technical_device,False,True,Brand response shown for reviewer orientation only. Financial-support category requires human review before final annotation.,medium,"Multiple taxonomy patterns matched (billing_subscription_payment, app_technical_device); guideline priority rules select billing_subscription_payment."
cand_0042,pair_500990_2920668,500972,@117153 Down in NYC,"Customer: Something’s not quite right, and we’re looking into it. Thanks for your reports!",@808336 Hey Philip! Thanks for letting us know. Everything’s looking good on our end now - are you still having this issue? /FR,False,unclear_insufficient_context,,context_dependent_followup,Generic Acknowledgement,hard_case_context_dependent_followup,,,,,,pending,,other_miscellaneous,,False,False,Context used because the customer message alone was underspecified. Brand response shown for reviewer orientation only.,medium,"Customer follow-up is underspecified, but preceding context matches other_miscellaneous."
cand_0043,pair_539211_539210,539211,@115888 I just paid for a full year for a discount. What I didn't realise is that I just paid 3 days ago for my next month of service. Wil I get those extra 27 days tacked onto my year of paid service?,,"@245032 Hey Mick, help's here! Can you send over the username or email address on your account? We'll take a look backstage /GN https://t.co/ldFdZRiNAt",True,billing_subscription_payment,billing_subscription_payment,normal,Redirect / DM,intent_coverage_billing_subscription_payment,,,,,,pending,,billing_subscription_payment,,False,False,Brand response shown for reviewer orientation only. Financial-support category requires human review before final annotation.,high,Customer message contains specific evidence matching billing_subscription_payment in the documented taxonomy.
cand_0044,pair_543150_543149,543150,What's happening on spotify's system? I tried it for 15 times already since 1pm until now. I can't subscribe again into premium and I don't know why. ☹️ please help me to fix this shit! @SpotifyCares @148611 https://t.co/fTriAOfIbw,,"@246125 Hey Mark, help's here! We've just sent a DM your way. Let's carry on chatting there /CO",True,unclear_insufficient_context,,normal,Other / Miscellaneous,intent_coverage_unclear_insufficient_context,,,,,,pending,,unclear_insufficient_context,,True,False,Brand response shown for reviewer orientation only.,low,Customer message and available context lack enough diagnostic detail; guidelines route this to unclear_insufficient_context.
cand_0045,pair_555487_555489,555488,"@SpotifyCares BUT WHY YOU DIDN'T SIGN WITH THESE ARTIST THEY ARE GREAT AND I'M SURE THAT THEY WANT SING WITH YOU.
Also, they have many fans.","Customer: @115888 can you add likey of @9977 , hellaveator of @25370 ,all of @248108 and @18284 ??? thanksssss 😘
Brand: @249702 Hey there! Music availability all boils down to licensing agreements. We have more info here: https://t.co/2FJce6Rcpg. Let us know if you have any other questions /LM","@249702 We have no doubt about that. Don't worry, we’ll have them available to you as soon as they're available to us. Give us a shout if you need a hand with anything else /MG",False,content_catalog_licensing,content_catalog_licensing,normal,Other / Miscellaneous,multi_turn_followup,,,,,,pending,,content_catalog_licensing,other_miscellaneous,True,True,Brand response shown for reviewer orientation only.,medium,"Multiple taxonomy patterns matched (content_catalog_licensing, other_miscellaneous); guideline priority rules select content_catalog_licensing."
cand_0046,pair_555496_555495,555496,"@SpotifyCares I'm a Premium member. Recently, all of my playlists got deleted. I'm gutted - some of them were up to tens years old. Can you do anything to get them back?",,"@249705 Hey, that doesn't sound fun! Can you fire over your account's username or email address via DM? We'll see what we can do /TK https://t.co/ldFdZR1cbT",True,playlist_library_curation,playlist_library_curation,normal,Clarification / Request for Info,intent_coverage_playlist_library_curation,,,,,,pending,,playlist_library_curation,,False,False,Brand response shown for reviewer orientation only.,high,Customer message contains specific evidence matching playlist_library_curation in the documented taxonomy.
cand_0047,pair_587519_587517,587519,My @115888 music stops every time I open snapchat. I guess this is the end to my food snaps 😭,,"@258792 Hi Ian, help's here! Can you let us know your device's model, operating system, and Spotify version? We'll see what we can suggest /DV",True,playback_streaming_issue,playback_streaming_issue,normal,Clarification / Request for Info,intent_coverage_playback_streaming_issue,,,,,,pending,,playback_streaming_issue,,False,False,Brand response shown for reviewer orientation only.,high,Customer message contains specific evidence matching playback_streaming_issue in the documented taxonomy.
cand_0048,pair_594080_594079,594080,"@115888 May I know is it posdible to check what is the address I enter for my Family package plan? Because I deleted one of my family members account, I tried to add him again but keep showing error, I am not sure what is the problem, I assume is the address problem.",,"@260717 Hey, help's here! Could you send us a DM with your account's username or email address? We'll take a look and see what we can suggest 🔍 /DB https://t.co/ldFdZRiNAt",True,other_miscellaneous,,normal,Redirect / DM,intent_coverage_other_miscellaneous,,,,,,pending,,other_miscellaneous,,False,False,Brand response shown for reviewer orientation only.,low,No specific support-domain evidence matched; guidelines keep this as other_miscellaneous rather than inventing a label.
cand_0049,pair_611907_611905,611910,@SpotifyCares  https://t.co/N5JkIhvbRQ,"Customer: @SpotifyCares
I haven't given permission for storage on my little tablet so why's there so much data being stored?
117mb app
660mb data?!
Brand: @265504 Hey there! What operating system and Spotify version are you using on your tablet? We'll see what we can suggest /NG
Customer: @SpotifyCares Android 6.0.1",@265504 Thanks. Can you DM us your account's username or email address? We'll check backstage /NG https://t.co/ldFdZRiNAt,False,offline_downloads_issue,,context_dependent_followup,Redirect / DM,multi_turn_followup,,,,,,pending,,offline_downloads_issue,,False,False,Context used because the customer message alone was underspecified. Brand response shown for reviewer orientation only.,medium,"Customer follow-up is underspecified, but preceding context matches offline_downloads_issue."
cand_0050,pair_627556_627555,627556,It's 2017 and I'm still waiting for @11619 to be on @115888,,"@268629 Hi Tyler! We'd love to have them on Spotify, and hopefully we will in the future. Check this out: https://t.co/MEjmIRL2eB /TR",True,unclear_insufficient_context,,normal,Other / Miscellaneous,intent_coverage_unclear_insufficient_context,,,,,,pending,,unclear_insufficient_context,,True,False,Brand response shown for reviewer orientation only.,low,Customer message and available context lack enough diagnostic detail; guidelines route this to unclear_insufficient_context.
cand_0051,pair_637683_637682,637683,"@SpotifyCares hiiii, just sent you a Dm!",,"@271199 Hey there! We've just replied to your DM, we'll carry on helping there /JX",True,other_miscellaneous,,normal,Other / Miscellaneous,intent_coverage_other_miscellaneous,,,,,,pending,,other_miscellaneous,,False,False,Brand response shown for reviewer orientation only.,low,No specific support-domain evidence matched; guidelines keep this as other_miscellaneous rather than inventing a label.
cand_0052,pair_639956_639955,639956,answere me @137960 @115888 @SpotifyCares @125633 https://t.co/RTFespyDkR,,@271805 Hey! Help's here. Could you DM us some more info? We'll see what we can do /C https://t.co/ldFdZRiNAt,True,other_miscellaneous,,noisy_or_attachment_only,Redirect / DM,hard_case_noisy_or_attachment_only,,,,,,pending,,other_miscellaneous,,False,False,Brand response shown for reviewer orientation only.,low,No specific support-domain evidence matched; guidelines keep this as other_miscellaneous rather than inventing a label.
cand_0053,pair_645128_645127,645128,I get so pissed every time I check @115888 and I don't see Taylor Swift's album 😡,,"@273124 Hey Zo, we’ll have it available to you as soon as it’s available to us! https://t.co/0i8GpimuDa /TF",True,other_miscellaneous,,sarcasm_slang_hostile,Other / Miscellaneous,hard_case_sarcasm_slang_hostile,,,,,,pending,,other_miscellaneous,,False,False,Brand response shown for reviewer orientation only.,low,No specific support-domain evidence matched; guidelines keep this as other_miscellaneous rather than inventing a label.
cand_0054,pair_647116_647115,647116,"@SpotifyCares keep getting the message “Spotify has paused cos your account is being used elsewhere” I’ve logged out of all my accounts but it’s still happening. Whoever is using my account is listening to Xmas music in November, unforgivable! https://t.co/K8kkzHkhLD",,@273705 Hey Tom! We’re sorry to hear that. Check out https://t.co/QHn3ok8y2n for what to do next /TF,True,account_access_credentials,account_access_credentials,normal,Other / Miscellaneous,intent_coverage_account_access_credentials,,,,,,pending,,account_access_credentials,,False,False,Brand response shown for reviewer orientation only. Account/security category requires human review before final annotation.,high,Customer message contains specific evidence matching account_access_credentials in the documented taxonomy.
cand_0055,pair_656547_656549,656548,@SpotifyCares what is /MU?,"Customer: @115888 your Windows 10 Mobile app UI is s***. Especially coming from using Groove Music massive downgrade.
Brand: @276221 Hi Devon! Sorry to hear that you feel that way. Can you let us know what's happening exactly? We'll see what we can suggest /MU",@276221 Hey there! That's just a personalized signature of the person helping you out. Hope we were able to clarify this for you /RB,False,plan_management_discount,,context_dependent_followup,Other / Miscellaneous,multi_turn_followup,,,,,,pending,,plan_management_discount,,False,False,Context used because the customer message alone was underspecified. Brand response shown for reviewer orientation only.,medium,"Customer follow-up is underspecified, but preceding context matches plan_management_discount."
cand_0056,pair_662956_662955,662956,"@118266 udah daftar premium tapi gak bisa log in, bisa dibantu @118266 ?",,"@277957 Hey! We can help out in English via Twitter, but we also have Indonesian support via email at https://t.co/ZgU70TbP8M /RH",True,account_access_credentials,account_access_credentials,normal,Other / Miscellaneous,intent_coverage_account_access_credentials,,,,,,pending,,account_access_credentials,,False,False,Brand response shown for reviewer orientation only. Account/security category requires human review before final annotation.,high,Customer message contains specific evidence matching account_access_credentials in the documented taxonomy.
cand_0057,pair_678420_678421,678420,"Hey @115888, the Stranger Things overlay is cool and all, but it's killing my CPU and, thus, my battery. According to https://t.co/CAjBbiPH8x, this is an ad. As a paying subscriber, why am I not able to disable these ads?",,@281865 We understand. Can you DM us your account's username or email address? We'll take a look backstage /PL https://t.co/ldFdZRiNAt,True,app_technical_device,app_technical_device,normal,Redirect / DM,intent_coverage_app_technical_device,,,,,,pending,,app_technical_device,,False,False,Brand response shown for reviewer orientation only.,high,Customer message contains specific evidence matching app_technical_device in the documented taxonomy.
cand_0058,pair_687032_687031,687032,"@SpotifyCares I can't log into spotify application on my computer.   All I get is the message 'service is temporarily unavailable, please try again later. (Error code: 404).  Been like this for a week.  Phone and desktop working fine.",,"@284060 Hey Emma! Could you send us a screenshot of the error code, so we can check it out? /BI",True,content_catalog_licensing,content_catalog_licensing,normal,Clarification / Request for Info,intent_coverage_content_catalog_licensing,,,,,,pending,,content_catalog_licensing,,False,False,Brand response shown for reviewer orientation only.,high,Customer message contains specific evidence matching content_catalog_licensing in the documented taxonomy.
cand_0059,pair_688080_688079,688080,"@125633 Hi, there are some songs that are appearing on my artist page that are not mine. I've to to contact spotify without no responds",,"@284361 Hey! You can contact our Artist team here: https://t.co/p1wbtdELHu. If you've reached out, DM us your email address &amp; we'll chase it up /K https://t.co/ldFdZRiNAt",True,content_catalog_licensing,content_catalog_licensing,normal,Redirect / DM,intent_coverage_content_catalog_licensing,,,,,,pending,,content_catalog_licensing,,False,False,Brand response shown for reviewer orientation only.,high,Customer message contains specific evidence matching content_catalog_licensing in the documented taxonomy.
cand_0060,pair_699513_699512,699513,@115888 I'm kinda angry that I'm not able to listen to Distant Relatives by Nas and Damian Marley. It's not available on Spotify. 😒😒,,"@286871 We hear you! Fingers crossed we'll be able to have it soon, but there's info about Spotify content here: https://t.co/0i8GpimuDa /CX",True,content_catalog_licensing,content_catalog_licensing,normal,Other / Miscellaneous,intent_coverage_content_catalog_licensing,,,,,,pending,,content_catalog_licensing,,False,False,Brand response shown for reviewer orientation only.,high,Customer message contains specific evidence matching content_catalog_licensing in the documented taxonomy.
cand_0061,pair_706180_706179,706180,@SpotifyCares how do I download a song to my hard drive?? I'm on a Mac,,"@288846 2: If you'd like to save a track for offline listening, you can follow the steps here: https://t.co/WSjJgGAmPy /LO",True,offline_downloads_issue,offline_downloads_issue,normal,Other / Miscellaneous,intent_coverage_offline_downloads_issue,,,,,,pending,,offline_downloads_issue,,False,False,Brand response shown for reviewer orientation only.,high,Customer message contains specific evidence matching offline_downloads_issue in the documented taxonomy.
cand_0062,pair_710191_710189,710191,@115888 the web player is not working for me wtf is going on?,,"@289817 Hey, help's here! What's happening exactly? Are you getting any specific error messages? We'll see what we can suggest /NJ",True,unclear_insufficient_context,,sarcasm_slang_hostile,Clarification / Request for Info,hard_case_sarcasm_slang_hostile,,,,,,pending,,unclear_insufficient_context,,True,False,Brand response shown for reviewer orientation only.,low,Customer message and available context lack enough diagnostic detail; guidelines route this to unclear_insufficient_context.
cand_0063,pair_723577_723575,723577,@SpotifyCares Hey why does your @115888 desktop app suck so bad? jw.,,@293269 Hi there. We're sorry you feel that way. Can you let us know what's happening exactly? We'll see what we can suggest /LM,True,app_technical_device,app_technical_device,normal,Clarification / Request for Info,intent_coverage_app_technical_device,,,,,,pending,,app_technical_device,,False,False,Brand response shown for reviewer orientation only.,high,Customer message contains specific evidence matching app_technical_device in the documented taxonomy.
cand_0064,pair_733559_733558,733559,@115888 Hi! Why did u remove He like that by Fifth Harmony from your Teen Party playlist? I was listening to it when it vanished.,,@295541 @115888 Hi! We've just replied to your DM. We'll carry on helping there /JX,True,playlist_library_curation,playlist_library_curation,normal,Other / Miscellaneous,intent_coverage_playlist_library_curation,,,,,,pending,,playlist_library_curation,,False,False,Brand response shown for reviewer orientation only.,high,Customer message contains specific evidence matching playlist_library_curation in the documented taxonomy.
cand_0065,pair_739013_739011,739013,how cant SPOTIFY be available in my countryyyyyy wtf,,@296744 Hey there! Could you let us know the country you're currently in? We'll keep an eye out for your reply /LP,True,other_miscellaneous,,sarcasm_slang_hostile,Clarification / Request for Info,hard_case_sarcasm_slang_hostile,,,,,,pending,,other_miscellaneous,,False,False,Brand response shown for reviewer orientation only.,low,No specific support-domain evidence matched; guidelines keep this as other_miscellaneous rather than inventing a label.
cand_0066,pair_753650_1870105,753638,"@SpotifyCares If I uninstall Spotify and reinstall it, will my saved playlists delete? Would I have to start new?","Brand: Attention playlist curators! We have two @16134 Wireless Multi-Room Speakers up for grabs. Go.
https://t.co/2rlqX1mY4G",@558533 Hey Nelly! Are you referring to music that you saved for offline or just in Your Library? /GS,False,playlist_library_curation,"playlist_library_curation,app_technical_device",multi_intent,Other / Miscellaneous,hard_case_multi_intent,playlist_library_curation,app_technical_device,True,True,,reviewed,human_override,playlist_library_curation,app_technical_device,True,True,Brand response shown for reviewer orientation only.,medium,"Multiple taxonomy patterns matched (playlist_library_curation, app_technical_device); guideline priority rules select playlist_library_curation."
cand_0067,pair_785533_785532,785533,@115888 get rbd,,@307430 Hey there! Sometimes content gets temporarily removed because of licensing changes. Hopefully we'll have it available again soon /GK,True,unclear_insufficient_context,,insufficient_context,Information / Explanation,hard_case_insufficient_context,,,,,,pending,,unclear_insufficient_context,,True,False,Brand response shown for reviewer orientation only. Very short message with no disambiguating context.,low,Customer message and available context lack enough diagnostic detail; guidelines route this to unclear_insufficient_context.
cand_0068,pair_803627_803626,803627,@SpotifyCares i have the same problem as before where songs randomly delete themselves after i download them. REALLY annoyed.,,@311519 Hi! We've just sent you a bit more info over DM. We'll carry on helping out there /CX,True,offline_downloads_issue,offline_downloads_issue,normal,Other / Miscellaneous,intent_coverage_offline_downloads_issue,,,,,,pending,,offline_downloads_issue,,False,False,Brand response shown for reviewer orientation only.,high,Customer message contains specific evidence matching offline_downloads_issue in the documented taxonomy.
cand_0069,pair_839957_839956,839957,@SpotifyCares @115888 @13582 CC: @319835,,@319834 Hey Ben! Can you let us know the country your account is set to? We'll take a look backstage /LO,True,unclear_insufficient_context,,insufficient_context,Redirect / DM,hard_case_insufficient_context,,,,,,pending,,unclear_insufficient_context,,True,False,Brand response shown for reviewer orientation only. Very short message with no disambiguating context.,low,Customer message and available context lack enough diagnostic detail; guidelines route this to unclear_insufficient_context.
cand_0070,pair_848550_848549,848559,@SpotifyCares @115888 @127972 Thank you!😊Lots of #Roku users really love #Spotify but it's so frustrating that an important feature like playlists is missing atm!😔#RokuUK,"Customer: .@SpotifyCares Any update RE: lack of #Spotify playlists on @127972?🤷Lack of @181080 from @115888 on this is crazy!😳😕#Roku #RokuUK https://t.co/PWLDJNgP0K
Brand: @295152 Hey there! We have some info about the Spotify app on Roku here: https://t.co/titMn0j3Im. Give us a shout if there's anything else /AC
Customer: @SpotifyCares Thanks!😊But, that info is from March 2017: many users in #RokuUK &amp; other regions wish to know WHEN #Spotify playlists will return to #Roku?🤷
Brand: @295152 We don't have any more info right now. Rest assured, your feedback is being heard while we work with Roku on the best path forwards /AC
Customer: @SpotifyCares Thanks, but this same line has been repeated 'ad infinitum' and it's been 6+ months now... @115888 and @127972 need better @75235!😞😒😣
Brand: @295152 We understand where you're coming from. We'll make sure to let the right team know you'd like to see this again soon. Stay tuned /AC
Customer: @SpotifyCares That trio of lines has worn pretty thin now!😩This really needs to be a priority when #Roku users must pay for premium to even use the app!🤨😒
Customer: @SpotifyCares Is there no way to implement @115888 Connect with @127972, even as an interim gesture of goodwill, so #Roku users don't have to pay!?!🤷
Brand: @295152 @115888 @127972 We hear you 🎧 It's definitely something for the team to consider and we'll make sure it reaches them /AC",@295152 You're welcome! We appreciate all the feedback. We’ll get this passed onto the right team 💚 /AC,False,playlist_library_curation,"playlist_library_curation,app_technical_device",multi_intent,Generic Acknowledgement,hard_case_multi_intent,playlist_library_curation,app_technical_device,True,True,,reviewed,human_override,playlist_library_curation,"app_technical_device,other_miscellaneous",True,True,Brand response shown for reviewer orientation only.,medium,"Multiple taxonomy patterns matched (playlist_library_curation, app_technical_device, other_miscellaneous); guideline priority rules select playlist_library_curation."
cand_0071,pair_850018_850017,850020,"@SpotifyCares It is happening with other artists, sometimes it says ""cant play song"" I think but mostly I just try to click it and nothing plays. I uninstalled the app and re-downloaded it but that didn't help.","Customer: @115888 hey guys, I can't listen to Lana Del Rey.. that is a problem. I can't play half the songs in most of my playlist. What's wrong??
Brand: @321971 Hey there! Are you getting an error message? Also, is this happening only with that artist's tracks? /RH","@321971 Can you let us know the device, operating system, and Spotify version you're using? We'll see what we can suggest /RH",False,offline_downloads_issue,"playback_streaming_issue,offline_downloads_issue",multi_intent,Clarification / Request for Info,hard_case_multi_intent,playback_streaming_issue,app_technical_device,False,True,,reviewed,human_override,offline_downloads_issue,playback_streaming_issue,True,True,Brand response shown for reviewer orientation only.,medium,"Multiple taxonomy patterns matched (playback_streaming_issue, offline_downloads_issue); guideline priority rules select offline_downloads_issue."
cand_0072,pair_853079_853080,853079,"Hey @115888 @SpotifyCares, why is it still so complicated and unintuitive to get a playlist from a link into the desktop app?",,"@322649 1: Hi! Just to check, are you having issues accessing a shared playlist link through the desktop app? If you can tell us what's...",True,playlist_library_curation,"playlist_library_curation,app_technical_device",multi_intent,Clarification / Request for Info,hard_case_multi_intent,,,,,,pending,,playlist_library_curation,app_technical_device,True,True,Brand response shown for reviewer orientation only.,medium,"Multiple taxonomy patterns matched (playlist_library_curation, app_technical_device); guideline priority rules select playlist_library_curation."
cand_0073,pair_854637_854636,854637,@115888 woke up this morning and all my saved songs are gone... any way this can be fixed?,,"@322980 Hey Kyra! Just to check, did all your offline music get desynced, or has all your saved Songs disappeared? We'll see what we can suggest /GN",True,playlist_library_curation,playlist_library_curation,normal,Clarification / Request for Info,intent_coverage_playlist_library_curation,,,,,,pending,,playlist_library_curation,,False,False,Brand response shown for reviewer orientation only.,high,Customer message contains specific evidence matching playlist_library_curation in the documented taxonomy.
cand_0074,pair_856217_856215,856217,hey @115888 why does your web player continue to be garbage,,"@323325 Hi, that doesn't sound right. What's happening exactly? What device, operating system, and Spotify version are you using? We'll help out /JE",True,unclear_insufficient_context,,sarcasm_slang_hostile,Clarification / Request for Info,hard_case_sarcasm_slang_hostile,,,,,,pending,,unclear_insufficient_context,,True,False,Brand response shown for reviewer orientation only.,low,Customer message and available context lack enough diagnostic detail; guidelines route this to unclear_insufficient_context.
cand_0075,pair_859964_859963,859964,@SpotifyCares check dm please,,@324180 Hey there! We've replied to your DM. Check your inbox /LM,True,unclear_insufficient_context,,insufficient_context,Other / Miscellaneous,hard_case_insufficient_context,,,,,,pending,,unclear_insufficient_context,,True,False,Brand response shown for reviewer orientation only. Very short message with no disambiguating context.,low,Customer message and available context lack enough diagnostic detail; guidelines route this to unclear_insufficient_context.
cand_0076,pair_871357_871356,871359,"@115888 I have never said anything but good things but the customer service is trash, the app is trash , fuck y’all I’m getting Apple Music","Customer: @115888 got one more fucking time before I switch to Apple Music.
Customer: @115888 Yep I’m switching . They can’t even fucking help me and this app is trash.",@209250 Hi there! Sorry to hear you feel that way. Can you let us know what's happening exactly? We'll do our best to help out /AG,False,other_miscellaneous,,sarcasm_slang_hostile,Clarification / Request for Info,hard_case_sarcasm_slang_hostile,,,,,,pending,,other_miscellaneous,,False,False,Brand response shown for reviewer orientation only.,low,No specific support-domain evidence matched; guidelines keep this as other_miscellaneous rather than inventing a label.
cand_0077,pair_872258_872257,872258,Any word on an app for Apple Watch-or-TV? I need Spotify for working out &amp; parties and don't currently have it. @115888 @SpotifyCares,,"@327079 1. Hey there! We don't have any news to share about Apple TV and Watch right now, but you can vote for the idea here:",True,app_technical_device,app_technical_device,normal,Other / Miscellaneous,intent_coverage_app_technical_device,,,,,,pending,,app_technical_device,,False,False,Brand response shown for reviewer orientation only.,high,Customer message contains specific evidence matching app_technical_device in the documented taxonomy.
cand_0078,pair_875202_875201,875202,On @327793 there are not available all songs :( Only 'Postcards in the Sky' song and songs from both EPs. @68312 @63190,,"@327792 Hi Madeline, help's here. Can you let us know the device/OS and Spotify version you're using? We'll see what we can suggest /NY",True,content_catalog_licensing,content_catalog_licensing,normal,Clarification / Request for Info,intent_coverage_content_catalog_licensing,,,,,,pending,,content_catalog_licensing,,False,False,Brand response shown for reviewer orientation only.,high,Customer message contains specific evidence matching content_catalog_licensing in the documented taxonomy.
cand_0079,pair_875198_875197,875202,@SpotifyCares All songs from his new album are already available in my country :) And I don't have any trouble playing them now. Thank you!,"Customer: On @327793 there are not available all songs :( Only 'Postcards in the Sky' song and songs from both EPs. @68312 @63190
Brand: @327792 Hi Madeline, help's here. Can you let us know the device/OS and Spotify version you're using? We'll see what we can suggest /NY
Customer: @SpotifyCares Thanks for noticing it :) With some time more and more songs are getting available.
Brand: @327792 Sometimes content gets temporarily removed because of licensing changes. Are you having trouble playing any of David Archuleta's songs? /TB",@327792 That's great to hear! Just let us know if you need anything else. We'd be... https://t.co/LgAM6ky9Vv /TB,False,playback_streaming_issue,"playback_streaming_issue,content_catalog_licensing",multi_intent,Other / Miscellaneous,hard_case_multi_intent,content_catalog_licensing,,False,False,,reviewed,human_override,playback_streaming_issue,"content_catalog_licensing,other_miscellaneous",True,True,Brand response shown for reviewer orientation only.,medium,"Multiple taxonomy patterns matched (playback_streaming_issue, content_catalog_licensing, other_miscellaneous); guideline priority rules select playback_streaming_issue."
cand_0080,pair_877445_877446,877441,@SpotifyCares  https://t.co/l2jLOMMBgU,"Customer: Anyone else's Spotify randomly connect to the webplayer and play some random playlists you've never heard before? So odd. Had it 3 times now
Brand: @328296 Hey there! What device, operating system, and Spotify version are you using? We'll see what we can suggest /NG
Customer: @SpotifyCares Happened on both Android &amp; Windows Spotify - newest versions! Only started doing this few days ago and happened around 3 times
Brand: @328296 Thanks. Just to check, are you getting any specific error messages? If so, a screenshot can be handy /NG
Customer: @SpotifyCares Nope, just stops my song, connects to webplayer and plays some random stuff. Despacito was the latest one ahaha
Brand: @328296 Got it. Can you head to your desktop app's Settings &gt; Startup and Window Behaviour and check if it's ticked or unticked? /NG","@328296 Can you try unticking the ""Allow Spotify to be opened from the web""? Does that help? /NG",False,playback_streaming_issue,,context_dependent_followup,Clarification / Request for Info,hard_case_context_dependent_followup,,,,,,pending,,playback_streaming_issue,"playlist_library_curation,app_technical_device,other_miscellaneous",True,True,Context used because the customer message alone was underspecified. Brand response shown for reviewer orientation only.,medium,"Multiple taxonomy patterns matched (playback_streaming_issue, playlist_library_curation, app_technical_device, other_miscellaneous); guideline priority rules select playback_streaming_issue."
cand_0081,pair_883440_883439,883440,"@SpotifyCares someone is playing music that i never played, i think someone is in my account",,@329782 Hey Raynard! Can you Dm us your account's username and email address? We'll take a look backstage /TF,True,playback_streaming_issue,playback_streaming_issue,normal,Redirect / DM,intent_coverage_playback_streaming_issue,,,,,,pending,,playback_streaming_issue,,False,False,Brand response shown for reviewer orientation only.,high,Customer message contains specific evidence matching playback_streaming_issue in the documented taxonomy.
cand_0082,pair_884037_884035,884037,@115888 took travelin solider by @36698 off and I'm PISSED,,@329933 Hey! Sometimes content gets temporarily removed because of licensing changes. Hopefully we'll have it available again soon /RA,True,other_miscellaneous,,sarcasm_slang_hostile,Information / Explanation,hard_case_sarcasm_slang_hostile,,,,,,pending,,other_miscellaneous,,False,False,Brand response shown for reviewer orientation only.,low,No specific support-domain evidence matched; guidelines keep this as other_miscellaneous rather than inventing a label.
cand_0083,pair_886358_886357,886358,.@115888 really needs to make a '90s witch playlist,,@330447 Hey there! Could you give us some examples of what you mean? We'll see what we can do /TB,True,playlist_library_curation,playlist_library_curation,normal,Clarification / Request for Info,intent_coverage_playlist_library_curation,,,,,,pending,,playlist_library_curation,,False,False,Brand response shown for reviewer orientation only.,high,Customer message contains specific evidence matching playlist_library_curation in the documented taxonomy.
cand_0084,pair_888581_888582,888579,@SpotifyCares Windows 950xl phone.,"Customer: Their UI sucks but their twitter team does not. https://t.co/YqHaQdoglr
Brand: @325676 You're welcome! We don’t have any other info on this right now, but let us know if you need a hand with anything else /JX
Customer: @SpotifyCares One layer of well-considered UI menus options would make things much easier.
Brand: @325676 Just to clarify, What device are you using? We'll see what we can suggest /JX",@325676 3: Thank you for your suggestions! We can’t make any promises but we've got it noted and we’ll pass your it onto the right folks /JX,False,unclear_insufficient_context,,context_dependent_followup,Other / Miscellaneous,multi_turn_followup,,,,,,pending,,unclear_insufficient_context,,True,False,Brand response shown for reviewer orientation only.,low,Customer message and available context lack enough diagnostic detail; guidelines route this to unclear_insufficient_context.
cand_0085,pair_889538_889540,889539,@SpotifyCares Thank you for reply!,"Customer: @115888 why did you remove some of the phantom of the opera songs from the movie album... :( I need my wandering child .. :(
Brand: @331185 Hey there. Sometimes content gets removed because of licensing changes. Hopefully we'll have it available again soon! /BH",@331185 You're welcome! If anything else comes up just give us a shout. We're here around the clock 🙂 /BH,False,content_catalog_licensing,,context_dependent_followup,Generic Acknowledgement,multi_turn_followup,,,,,,pending,,other_miscellaneous,,False,False,Brand response shown for reviewer orientation only.,low,No specific support-domain evidence matched; guidelines keep this as other_miscellaneous rather than inventing a label.
cand_0086,pair_899571_899569,899573,@SpotifyCares hello i want to update spotify payment by mobile but i dont get any code number message what should i do?,"Customer: @118266 min saya mau update payment via mobile indosat tp selalu gadapet sms code number gmn nih min?
Brand: @333571 Hey! We can help out in English via Twitter, but we also have Indonesian support via email at https://t.co/ZgU70TbP8M /RB",@333571 Thanks! Can you DM us your account's email address? We'll take a look /RB https://t.co/ldFdZRiNAt,False,billing_subscription_payment,"billing_subscription_payment,app_technical_device",multi_intent,Redirect / DM,hard_case_multi_intent,,,,,,pending,,billing_subscription_payment,app_technical_device,False,True,Brand response shown for reviewer orientation only. Financial-support category requires human review before final annotation.,medium,"Multiple taxonomy patterns matched (billing_subscription_payment, app_technical_device); guideline priority rules select billing_subscription_payment."
cand_0087,pair_902409_902408,902409,Hi @115888 - how do you block an artist from a Discover playlist? Woman-beater @284369 killing my vibe.,,"@272104 Hi! This isn't possible right now, but you can show your support for the idea on our Community: https://t.co/oGDLtirXki /RB",True,content_catalog_licensing,"content_catalog_licensing,playlist_library_curation",multi_intent,Other / Miscellaneous,hard_case_multi_intent,,,,,,pending,,content_catalog_licensing,playlist_library_curation,True,True,Brand response shown for reviewer orientation only.,medium,"Multiple taxonomy patterns matched (content_catalog_licensing, playlist_library_curation); guideline priority rules select content_catalog_licensing."
cand_0088,pair_907669_907668,907669,@115888 your webplayer is broken again. https://t.co/21DZ6ZUDFA,,@335537 Hey there! Could you let us know which web browser you're using? We'll be right here waiting /KL,True,unclear_insufficient_context,,normal,Clarification / Request for Info,intent_coverage_unclear_insufficient_context,,,,,,pending,,unclear_insufficient_context,,True,False,Brand response shown for reviewer orientation only.,low,Customer message and available context lack enough diagnostic detail; guidelines route this to unclear_insufficient_context.
cand_0089,pair_926727_926726,926727,@127637 c'est très urgent svp,,@339895 @127637 Hi! We've just sent a DM your way. Let's carry on chatting there /QI,True,unclear_insufficient_context,,insufficient_context,Other / Miscellaneous,hard_case_insufficient_context,,,,,,pending,,unclear_insufficient_context,,True,False,Brand response shown for reviewer orientation only. Very short message with no disambiguating context.,low,Customer message and available context lack enough diagnostic detail; guidelines route this to unclear_insufficient_context.
cand_0090,pair_929989_929987,929992,"@SpotifyCares Either my mobile (android) or desktop (windows 10). It doesnt respond when i click them, if i try shuffle i get ""this song is not available""","Customer: Hi @115888 for some reason my account wont play Kesha tracks. Ive tried downloading it and it still doesnt work?
Brand: @340652 Hey there! Can you let us know the device/OS you’re using? Also, are you receiving any error messages? Keep us posted /TB","@340652 Got it, thanks for the info. Does logging out &gt; restarting the device &gt; logging back in help? Keep us posted /TB",False,content_catalog_licensing,"content_catalog_licensing,playlist_library_curation",multi_intent,Troubleshooting / Actionable,hard_case_multi_intent,playback_streaming_issue,content_catalog_licensing,False,True,,reviewed,human_override,content_catalog_licensing,playlist_library_curation,True,True,Brand response shown for reviewer orientation only.,medium,"Multiple taxonomy patterns matched (content_catalog_licensing, playlist_library_curation); guideline priority rules select content_catalog_licensing."
cand_0091,pair_948892_948891,948892,@SpotifyCares is there an update planned to the spotify mobile app  on W10 mobile? Or streaming from onedrive on UWP apps?,,@294501 2: You can also show your support for UWP apps by voting for it here: https://t.co/TGZFKt4dIg /ST,True,app_technical_device,app_technical_device,normal,Other / Miscellaneous,intent_coverage_app_technical_device,,,,,,pending,,app_technical_device,,False,False,Brand response shown for reviewer orientation only.,high,Customer message contains specific evidence matching app_technical_device in the documented taxonomy.
cand_0092,pair_968284_968283,968284,@115888 hey account got hacked and deleted a playlist I had been building for 6 years!! Can I get it back,,@349849 Hey Max! Help's here. Can you DM us your account's email address? We'll take a look backstage /RA https://t.co/ldFdZRiNAt,True,account_access_credentials,"account_access_credentials,playlist_library_curation",multi_intent,Redirect / DM,hard_case_multi_intent,,,,,,pending,,account_access_credentials,playlist_library_curation,False,True,Brand response shown for reviewer orientation only. Account/security category requires human review before final annotation.,medium,"Multiple taxonomy patterns matched (account_access_credentials, playlist_library_curation); guideline priority rules select account_access_credentials."
cand_0093,pair_978489_978491,978490,@SpotifyCares No. Just locally on my pc. Pressing the thingy left of the play/pause/nextsong buttons. The shuffle isnt purely random i reckon.,"Customer: @115888 So, is there an actual shuffle function that is random? Pure random is what i need, for without i can't have a mix that is mixed.
Brand: @352064 Hi Gustav! The cavalry's here. Just to check, are you using Spotify Connect when shuffling playlists? /AU",@352064 We’ve recently made some improvements to our shuffle algorithm. We’d love to hear your feedback here: https://t.co/T3vZnSL3od /AU,False,playlist_library_curation,"playback_streaming_issue,playlist_library_curation",multi_intent,Other / Miscellaneous,hard_case_multi_intent,playback_streaming_issue,,False,False,,reviewed,human_override,playlist_library_curation,playback_streaming_issue,True,True,Brand response shown for reviewer orientation only.,medium,"Multiple taxonomy patterns matched (playback_streaming_issue, playlist_library_curation); guideline priority rules select playlist_library_curation."
cand_0094,pair_983455_983457,983455,@SpotifyCares How can I amend the post code on my account? I'm in a family plan.,,"@238325 2: will only appear once, and only you have the visibility over it. If you need to have it updated, you'll have to create a new account.",True,plan_management_discount,plan_management_discount,normal,Other / Miscellaneous,intent_coverage_plan_management_discount,,,,,,pending,,plan_management_discount,,False,False,Brand response shown for reviewer orientation only.,high,Customer message contains specific evidence matching plan_management_discount in the documented taxonomy.
cand_0095,pair_997168_997167,997169,@115888 Linky no worky 😟,Customer: Keep the flow with ad-free music. Premium is just 99p for 3 months. https://t.co/zwM1HYBWMw,"@272397 Hey Andy, that doesn't sound right! Can you send us a screenshot of any error messages you're getting? We'll see what we can suggest /JE",False,unclear_insufficient_context,,context_dependent_followup,Clarification / Request for Info,hard_case_context_dependent_followup,,,,,,pending,,unclear_insufficient_context,,True,False,Brand response shown for reviewer orientation only.,low,Customer message and available context lack enough diagnostic detail; guidelines route this to unclear_insufficient_context.
cand_0096,pair_1004406_1004407,1004405,@SpotifyCares @SpotifyCares running latest versions of both,"Customer: @116130 Hi. Any idea why I can't play any Pearl Jam on any format? Phone says it's premium feature. I'm on the 'unlimited' plan. Thx
Brand: @357729 Hey! What device, operating system, and Spotify version is this happening on? Are you getting any error messages? /AY
Customer: @SpotifyCares Tried on my Windows app, where it says 'cannot play this song' for any PJ, then on my Android app it says it's a premium feature. V Odd.","@357729 Can you DM us your account's email/username &amp; the exact Windows, Android, and Spotify versions you're on? We'll see what we can suggest /AY https://t.co/ldFdZRiNAt",False,playback_streaming_issue,,context_dependent_followup,Redirect / DM,hard_case_context_dependent_followup,,,,,,pending,,playback_streaming_issue,,False,False,Context used because the customer message alone was underspecified. Brand response shown for reviewer orientation only.,medium,"Customer follow-up is underspecified, but preceding context matches playback_streaming_issue."
cand_0097,pair_1007217_1007215,1007217,"@SpotifyCares Help. Only some of my ""Songs"" are available offline on my Mac whereas all of them are available offline on my phone. https://t.co/h2btcrL2yz",,"@358346 Hey there! That's odd. Have you tried logging out, restarting your device, then logging back in? /PB",True,offline_downloads_issue,offline_downloads_issue,normal,Troubleshooting / Actionable,intent_coverage_offline_downloads_issue,,,,,,pending,,offline_downloads_issue,,False,False,Brand response shown for reviewer orientation only.,high,Customer message contains specific evidence matching offline_downloads_issue in the documented taxonomy.
cand_0098,pair_1035429_1035428,1035429,@SpotifyCares a few days ago Spotify decided to download 1.5 GB of songs on cellular even though I have it set to only download on Wi-Fi.,,"@364918 Hey, that's not cool! Can you tell us the device, operating system, and Spotify version you're rocking? We'll see what we can suggest /JM",True,offline_downloads_issue,offline_downloads_issue,normal,Clarification / Request for Info,intent_coverage_offline_downloads_issue,,,,,,pending,,offline_downloads_issue,,False,False,Brand response shown for reviewer orientation only.,high,Customer message contains specific evidence matching offline_downloads_issue in the documented taxonomy.
cand_0099,pair_1047991_1047990,1047991,@SpotifyCares hello,,"@367700 Hey Jake! How can we help out today? Can you let us know the device/OS you’re using, as well as the issue? We'll lend a hand /TB",True,unclear_insufficient_context,,insufficient_context,Clarification / Request for Info,hard_case_insufficient_context,,,,,,pending,,unclear_insufficient_context,,True,False,Brand response shown for reviewer orientation only. Very short message with no disambiguating context.,low,Customer message and available context lack enough diagnostic detail; guidelines route this to unclear_insufficient_context.
cand_0100,pair_1061639_1061637,1061639,@115888 @SpotifyCares why does the app use 12.95GB on my mob? I deleted most downloads which barely reduced this huge amount...,,@370672 Hey! Can you let us know the operating system and Spotify versions you're using? We'll see what we can suggest /RC,True,offline_downloads_issue,offline_downloads_issue,normal,Clarification / Request for Info,intent_coverage_offline_downloads_issue,,,,,,pending,,offline_downloads_issue,,False,False,Brand response shown for reviewer orientation only.,high,Customer message contains specific evidence matching offline_downloads_issue in the documented taxonomy.
cand_0101,pair_1067209_1067211,1067216,@SpotifyCares That helps to do but the problem seems to come back every couple of days.,"Customer: @115888 Sure starting to miss Groove already, at least it would work worth a shit. Care to make sure your app installs and opens correctly?
Customer: @115888 Look at this shit. You can't even uninstall it without the damn uninstaller crashing. Why the fuck should we pay for this again? https://t.co/J5YKObC8zb
Brand: @371846 Hey, sorry about that. Could you let us know what operating system and Spotify version you're using? We'll check backstage /RK
Customer: @SpotifyCares Spotify 1.0.65.320.gac7a8e02
Windows 7 64bit Home Premium
Brand: @371846 Thanks for the info. Have you tried rebooting your computer and restarting your router? If not, can you give it a try? /RK",@371846 Thanks for clearing that up. Best thing to try here is a clean reinstall. Just follow the exact steps at https://t.co/EqisDMwZAT /RK,False,billing_subscription_payment,,normal,Troubleshooting / Actionable,multi_turn_followup,,,,,,pending,,billing_subscription_payment,"app_technical_device,other_miscellaneous",False,True,Context used because the customer message alone was underspecified. Brand response shown for reviewer orientation only. Financial-support category requires human review before final annotation.,medium,"Multiple taxonomy patterns matched (billing_subscription_payment, app_technical_device, other_miscellaneous); guideline priority rules select billing_subscription_payment."
cand_0102,pair_1067256_1067255,1067256,@SpotifyCares Can’t find some songs I’m looking for.@221912 “highDefinition” and Tamia’s “It’s a Party”. Pls add,,"@371859 Hi Ric! Fingers crossed we'll be able to have them soon, but there's info about Spotify content here: https://t.co/0i8GpimuDa /AU",True,other_miscellaneous,,normal,Other / Miscellaneous,intent_coverage_other_miscellaneous,,,,,,pending,,other_miscellaneous,,False,False,Brand response shown for reviewer orientation only.,low,No specific support-domain evidence matched; guidelines keep this as other_miscellaneous rather than inventing a label.
cand_0103,pair_1076521_1076520,1076521,"Does anyone know, why is @115888 app so slow all the time? Haven't they heard about #cache or what? #onload #loadingindicator #forever",,"@374020 Hi there! Can you tell us the device, operating system, and Spotify version you're rocking? We'll see what we can suggest /JM",True,unclear_insufficient_context,,normal,Clarification / Request for Info,intent_coverage_unclear_insufficient_context,,,,,,pending,,unclear_insufficient_context,,True,False,Brand response shown for reviewer orientation only.,low,Customer message and available context lack enough diagnostic detail; guidelines route this to unclear_insufficient_context.
cand_0104,pair_1089035_1089034,1089036,@115888 @SpotifyCares Hello??? It's frustrating because I've been paying for premium @115888 for over a year now and my account still hasn't been fixed. #wtf,Customer: I'm in one of those moods where I can't live without my @115888 playlists. But I can't access my account! Help @SpotifyCares! Woe is me!,@376909 Hi! We've just responded to your DM. Let's carry on chatting there /WW,False,account_access_credentials,,sarcasm_slang_hostile,Other / Miscellaneous,hard_case_sarcasm_slang_hostile,,,,,,pending,,account_access_credentials,playlist_library_curation,False,True,Context used because the customer message alone was underspecified. Brand response shown for reviewer orientation only. Account/security category requires human review before final annotation.,medium,"Multiple taxonomy patterns matched (account_access_credentials, playlist_library_curation); guideline priority rules select account_access_credentials."
cand_0105,pair_1095355_1095354,1095355,"@SpotifyCares bonsoir à quand une nouvelle appli plus pratique avec une meilleur gestion des playlist, album …
#iOS #Mac #Android #Spotify",,"@378484 Hey! We can help out in English via Twitter, but we also have French support via email at https://t.co/ZgU70TbP8M /JP",True,playlist_library_curation,playlist_library_curation,normal,Other / Miscellaneous,intent_coverage_playlist_library_curation,,,,,,pending,,playlist_library_curation,,False,False,Brand response shown for reviewer orientation only.,high,Customer message contains specific evidence matching playlist_library_curation in the documented taxonomy.
cand_0106,pair_1098087_1098086,1098087,@SpotifyCares I've been getting these split-second delays in my stream when my phone display is off. 3-4 times per song. On wi-fi currently.,,@191177 Hey Logan! That's not cool. Does logging out &gt; restarting the device &gt; logging back in help? Keep us posted /KL,True,other_miscellaneous,,normal,Troubleshooting / Actionable,intent_coverage_other_miscellaneous,,,,,,pending,,other_miscellaneous,,False,False,Brand response shown for reviewer orientation only.,low,No specific support-domain evidence matched; guidelines keep this as other_miscellaneous rather than inventing a label.
cand_0107,pair_1098974_1098972,1098974,"Excuse me @115888 wtf is this, I cannot handle this https://t.co/XA6QjEcz5n",,"@379330 Hey there, we're here to help! How many tracks would you say you have in Songs (roughly)? e.g. 100, 1000, 5000, or more? /TB",True,other_miscellaneous,,sarcasm_slang_hostile,Other / Miscellaneous,hard_case_sarcasm_slang_hostile,,,,,,pending,,other_miscellaneous,,False,False,Brand response shown for reviewer orientation only.,low,No specific support-domain evidence matched; guidelines keep this as other_miscellaneous rather than inventing a label.
cand_0108,pair_1100132_1100131,1100134,@SpotifyCares DM sent,"Customer: @SpotifyCares when I try to play certain artists the songs don't play or just get skipped over in my playlist or queue🙃
Brand: @379569 Hi Jacob, help's here! Can you let us know the device/OS and Spotify version you're using? We'll see what we can suggest /NY",@379569 We've just replied to your DM. Let's continue chatting there /NY,False,playlist_library_curation,,context_dependent_followup,Other / Miscellaneous,hard_case_context_dependent_followup,,,,,,pending,,playlist_library_curation,,False,False,Context used because the customer message alone was underspecified. Brand response shown for reviewer orientation only.,medium,"Customer follow-up is underspecified, but preceding context matches playlist_library_curation."
cand_0109,pair_1102956_1102958,1102959,"@SpotifyCares I love you, stay golden.","Customer: @115888 when will be able to sort our music by genre?
Customer: @115888 would be super dope to be able to group them by genre and then by subgenre
Brand: @380272 Hey! We can see how that’d be handy. Thanks for taking the time to reach out – your feedback's been noted 📝 /NQ",@380272 Sweet! Just let us know if we can help with anything else. https://t.co/Rkb5PJblbW 💚 /NQ,False,unclear_insufficient_context,,context_dependent_followup,Other / Miscellaneous,hard_case_context_dependent_followup,,,,,,pending,,other_miscellaneous,,False,False,Brand response shown for reviewer orientation only.,low,No specific support-domain evidence matched; guidelines keep this as other_miscellaneous rather than inventing a label.
cand_0110,pair_1106328_1106329,1106328,"@115888 @SpotifyCares
Why did you remove the ability to play from all sub-folders, a great feature removed for music organizers",,"@381095 1: Hi! Help's here. We don't have any info on this right now, but we'll let the right team know it's something you'd like to see again.",True,content_catalog_licensing,content_catalog_licensing,normal,Other / Miscellaneous,intent_coverage_content_catalog_licensing,,,,,,pending,,content_catalog_licensing,other_miscellaneous,True,True,Brand response shown for reviewer orientation only.,medium,"Multiple taxonomy patterns matched (content_catalog_licensing, other_miscellaneous); guideline priority rules select content_catalog_licensing."
cand_0111,pair_1118825_1118824,1118825,"@SpotifyCares My Spotify won't play any of my albums, I've already tried logging out of my Spotify multiple times and restarting my phone.",,"@383966 Hi there. Don't worry, help's here. Can you tell us what device, operating system, and app version you're using? /JU",True,playback_streaming_issue,playback_streaming_issue,normal,Clarification / Request for Info,intent_coverage_playback_streaming_issue,,,,,,pending,,playback_streaming_issue,,False,False,Brand response shown for reviewer orientation only.,high,Customer message contains specific evidence matching playback_streaming_issue in the documented taxonomy.
cand_0112,pair_1122959_1122958,1122959,"Anyone else getting really strange or explicit @115888 ads, even with premium? @SpotifyCares",,"@384844 Hi Mitchell, help's here. Can you DM us your account's email address? We'll check under the hood /NY https://t.co/ldFdZRiNAt",True,other_miscellaneous,,normal,Redirect / DM,intent_coverage_other_miscellaneous,,,,,,pending,,other_miscellaneous,,False,False,Brand response shown for reviewer orientation only.,low,No specific support-domain evidence matched; guidelines keep this as other_miscellaneous rather than inventing a label.
cand_0113,pair_1135346_1135344,1135352,@SpotifyCares Also I have a premium account.,Customer: @SpotifyCares what's up with access to A Pentatonix Christmas Deluxe. I had it and now cannot access it at all.  Very distressing 😫😱,@387479 Hey Kath! Can you let us know what's happening exactly? We'll see what we can suggest /PL,False,other_miscellaneous,,context_dependent_followup,Clarification / Request for Info,multi_turn_followup,,,,,,pending,,other_miscellaneous,,False,False,Brand response shown for reviewer orientation only.,low,No specific support-domain evidence matched; guidelines keep this as other_miscellaneous rather than inventing a label.
cand_0114,pair_1141826_1141824,1141826,"@115888 in the new web app style I cannot find the option for ordering albums by ""most recent added"" (=added into my library)",,"@388775 Hi! We appreciate your feedback. We're still testing and improving the new web player, so we'll pass this onto the team /TC",True,playlist_library_curation,playlist_library_curation,normal,Other / Miscellaneous,intent_coverage_playlist_library_curation,,,,,,pending,,playlist_library_curation,,False,False,Brand response shown for reviewer orientation only.,high,Customer message contains specific evidence matching playlist_library_curation in the documented taxonomy.
cand_0115,pair_1158255_1158253,1158255,@SpotifyCares I think it’s real messed up that y’all snatched my 6th daily mix away. Fix your algorithm or something.,,"@392470 Hey there! What's happening exactly? Can you let us know the device, operating system, and app version you're using? /PB",True,playlist_library_curation,playlist_library_curation,normal,Clarification / Request for Info,intent_coverage_playlist_library_curation,,,,,,pending,,playlist_library_curation,,False,False,Brand response shown for reviewer orientation only.,high,Customer message contains specific evidence matching playlist_library_curation in the documented taxonomy.
cand_0116,pair_1186704_1186703,1186704,@115888 is just mixing all the artist that goes by the name Jaya. I just wanna listen to Dahil Tanging Ikaw,,@399042 Hey! Help's here. Can you send us the Song Link? Just tap the three dots &gt; Share &gt; Copy Link. We'll take a look backstage /MG,True,content_catalog_licensing,content_catalog_licensing,normal,Redirect / DM,intent_coverage_content_catalog_licensing,,,,,,pending,,content_catalog_licensing,,False,False,Brand response shown for reviewer orientation only.,high,Customer message contains specific evidence matching content_catalog_licensing in the documented taxonomy.
cand_0117,pair_1199565_1199564,1199565,"@SpotifyCares I'm seeing conflicting information, am I capped at 1,333 songs offline or 10,000?",,@401850 2: about offline listening here: https://t.co/1z13MJsB33 /KB,True,offline_downloads_issue,offline_downloads_issue,normal,Other / Miscellaneous,intent_coverage_offline_downloads_issue,,,,,,pending,,offline_downloads_issue,,False,False,Brand response shown for reviewer orientation only.,high,Customer message contains specific evidence matching offline_downloads_issue in the documented taxonomy.
cand_0118,pair_1219460_1219458,1219460,"@118266 sy tdk bisa login di apps ""wrong user id / pswd"" tp dgn ID &amp; pwd yg sama bisa login di web. Pls help hrs bgmn",,"@406111 Hey there! We can help out in English via Twitter, but we also have Indonesian support via email at https://t.co/ZgU70TbP8M /MQ",True,account_access_credentials,account_access_credentials,normal,Other / Miscellaneous,intent_coverage_account_access_credentials,,,,,,pending,,account_access_credentials,,False,False,Brand response shown for reviewer orientation only. Account/security category requires human review before final annotation.,high,Customer message contains specific evidence matching account_access_credentials in the documented taxonomy.
cand_0119,pair_1224486_1224485,1224486,Wait so does @115888 work on a Apple Watch??,,@407264 Hey! Check out the official idea and add your vote to let our devs know it's something you'd like to see: https://t.co/SEK4E4gi22 /AR,True,app_technical_device,app_technical_device,normal,Other / Miscellaneous,intent_coverage_app_technical_device,,,,,,pending,,app_technical_device,,False,False,Brand response shown for reviewer orientation only.,high,Customer message contains specific evidence matching app_technical_device in the documented taxonomy.
cand_0120,pair_1228163_1228162,1228163,@115888 why yall take my last $10 a day before payday ???? Fuck yall (Ima still use the app tho),,@408135 Hey there! Can you DM us your account's email address or username? We'll take a look backstage /PB https://t.co/ldFdZRiNAt,True,unclear_insufficient_context,,sarcasm_slang_hostile,Redirect / DM,hard_case_sarcasm_slang_hostile,,,,,,pending,,unclear_insufficient_context,,True,False,Brand response shown for reviewer orientation only.,low,Customer message and available context lack enough diagnostic detail; guidelines route this to unclear_insufficient_context.
cand_0121,pair_1239122_1239121,1239125,"@SpotifyCares thanks, i connected through the form. seems like iTunes is the culprit, and I'm just getting lumped into their restrictions, not Spotify's","Customer: 😬me and my bandmates' song titles have forever been in the format 321PHLOOB num+letters. Store reject policy is inconsistent. what's yours? https://t.co/zowsXVQPeO
Customer: @5634 @1123 @137960 @76952 @76953 @410647 @159550 @125633 @115888 @SpotifyCares is this relevant to your interest? Are these track names that are already on your app going to be rejected later on?
Brand: @372879 Hey! You can contact our Artist team here: https://t.co/p1wbtdELHu! If you've reached out, DM us your email address &amp; we'll chase it up /K https://t.co/ldFdZRiNAt",@372879 We hear you! Can you let us know the email address you used to contact Artist Services? We'll take a look backstage /KP,False,account_access_credentials,,normal,Redirect / DM,multi_turn_followup,,,,,,pending,,other_miscellaneous,,False,False,Brand response shown for reviewer orientation only.,low,No specific support-domain evidence matched; guidelines keep this as other_miscellaneous rather than inventing a label.
cand_0122,pair_1243466_1243464,1243466,"@115888 You’ve a great selection of Jerry Goldsmith soundtracks inc Star Trek, Alien, Omen yet you’ve omitted his finest work; Chinatown ☹️ https://t.co/F1g8aVwt8X",,"@411714 Hey Mark! We’d love to have all of his stuff available, but we have some info about content here: https://t.co/0i8GpimuDa /RI",True,other_miscellaneous,,normal,Other / Miscellaneous,intent_coverage_other_miscellaneous,,,,,,pending,,other_miscellaneous,,False,False,Brand response shown for reviewer orientation only.,low,No specific support-domain evidence matched; guidelines keep this as other_miscellaneous rather than inventing a label.
cand_0123,pair_1255455_1255451,1255455,@SpotifyCares I got a message saying I have hit my download limit? Why is there a limit for PAYING customers. I pay for a reason.,,@414370 2: We'll pass your feedback on to the right folks. We're here for you if there's anything else /YM,True,offline_downloads_issue,"offline_downloads_issue,billing_subscription_payment",multi_intent,Information / Explanation,hard_case_multi_intent,,,,,,pending,,offline_downloads_issue,billing_subscription_payment,True,True,Brand response shown for reviewer orientation only.,medium,"Multiple taxonomy patterns matched (offline_downloads_issue, billing_subscription_payment); guideline priority rules select offline_downloads_issue."
cand_0124,pair_1270561_1270563,1270561,@115888 why are you playing 20 suggested songs in a row and why are they all fucking gorillaz every time this happens?,,@417477 1: Hey! Suggested Tracks are part of our Free service on mobile. There's more info here: https://t.co/Uv9kyGcsCc. To reduce the... /SJ,True,playback_streaming_issue,playback_streaming_issue,normal,Other / Miscellaneous,intent_coverage_playback_streaming_issue,,,,,,pending,,playback_streaming_issue,,False,False,Brand response shown for reviewer orientation only.,high,Customer message contains specific evidence matching playback_streaming_issue in the documented taxonomy.
cand_0125,pair_1291269_1291267,1291269,Can someone tell me if I can still send songs on @115888 to ppl I’m following... I can’t work it out &amp; the help forums are confusing,,@421971 Hi there! You can follow our guide at https://t.co/RT7XNMNEAr on how to share your songs to your followers /AU,True,unclear_insufficient_context,,normal,Other / Miscellaneous,intent_coverage_unclear_insufficient_context,,,,,,pending,,unclear_insufficient_context,,True,False,Brand response shown for reviewer orientation only.,low,Customer message and available context lack enough diagnostic detail; guidelines route this to unclear_insufficient_context.
cand_0126,pair_1304298_1304297,1304298,@117153  my subscription says I have Spotify Free but I'm being charged $11 every month. I still get ads. So? What's wrong?,,@424786 Hey there! Can you DM us your account's email address? We'll take a look /RB https://t.co/ldFdZRiNAt,True,billing_subscription_payment,billing_subscription_payment,normal,Redirect / DM,intent_coverage_billing_subscription_payment,,,,,,pending,,billing_subscription_payment,,False,False,Brand response shown for reviewer orientation only. Financial-support category requires human review before final annotation.,high,Customer message contains specific evidence matching billing_subscription_payment in the documented taxonomy.
cand_0127,pair_1308315_1308317,1308318,@SpotifyCares That’s it!  Y’all rock.  Thank you!,"Customer: It’s 9:03 where is Kellegend Clarkson’s album? @115888
Customer: @115888 This tweet released it LET’S GO!!
Brand: @425740 Hey Tim! Is this what you're looking for: https://t.co/9bVs6WO5XG? /GS","@425740 No worries 🙂 If you need help with anything else, just let us know! /GS",False,other_miscellaneous,,context_dependent_followup,Generic Acknowledgement,hard_case_context_dependent_followup,,,,,,pending,,other_miscellaneous,,False,False,Brand response shown for reviewer orientation only.,low,No specific support-domain evidence matched; guidelines keep this as other_miscellaneous rather than inventing a label.
cand_0128,pair_1321073_1321072,1321073,"@SpotifyCares Tried 2 sign up for Spotify but got told my emails are already taken, clicked forgot password, new password still can't log in",,@428454 Hi Alice! Could you send us a DM with your account's email address or username? We'll take a look backstage /DR,True,account_access_credentials,account_access_credentials,normal,Redirect / DM,intent_coverage_account_access_credentials,,,,,,pending,,account_access_credentials,,False,False,Brand response shown for reviewer orientation only. Account/security category requires human review before final annotation.,high,Customer message contains specific evidence matching account_access_credentials in the documented taxonomy.
cand_0129,pair_1332933_1332934,1332933,@SpotifyCares how do you turn up volume on xbox one because it shows my music is playing but i can't hear it ):,,@430951 1: Hi! You can turn up the volume on your Xbox One by pressing the Xbox button &gt; bring up the Xbox menu,True,playback_streaming_issue,"playback_streaming_issue,playlist_library_curation",multi_intent,Other / Miscellaneous,hard_case_multi_intent,,,,,,pending,,playback_streaming_issue,playlist_library_curation,True,True,Brand response shown for reviewer orientation only.,medium,"Multiple taxonomy patterns matched (playback_streaming_issue, playlist_library_curation); guideline priority rules select playback_streaming_issue."
cand_0130,pair_1334565_1334566,1334561,@SpotifyCares My phone speakers,"Customer: @SpotifyCares is it just me or is my phone getting really hot and losing all its battery life while listening to Spotify could you fix this.
Brand: @431323 Hi Adnan, help's here! Does logging out &gt; restarting the device &gt; logging back in help? Keep us posted /TY
Customer: @SpotifyCares I've tried everything I think you guys need to update it I'm on ios 11 iphone 6
Brand: @431323 We understand. Just to check, could you try a clean reinstall with these steps: https://t.co/EqisDMwZAT. Let us know how it goes /TY
Customer: @SpotifyCares It gets hot when i use speakers but with my earphones my phones start to cool down issue happens when speaker is in use
Brand: @431323 Got it! Just to check, are you using Bluetooth or an AUX cord to connect to your speakers? Keep us updated /TY",@431323 Hmm. Can you DM us your account's email address? We'll take a look under the hood /QI https://t.co/ldFdZRiNAt,False,app_technical_device,,context_dependent_followup,Redirect / DM,hard_case_context_dependent_followup,,,,,,pending,,app_technical_device,,False,False,Context used because the customer message alone was underspecified. Brand response shown for reviewer orientation only.,medium,"Customer follow-up is underspecified, but preceding context matches app_technical_device."
cand_0131,pair_1336201_1336203,1336201,"@SpotifyCares I think I’ve asked this before, how many songs can be downloaded before the maximum is reached? #Idownloadtoomanysongs",,"@431699 1: Hey Liam! You can save up to 10k tracks in Your Library. With Premium, you can also download up to 3,333 songs on 3 different devices...",True,offline_downloads_issue,offline_downloads_issue,normal,Other / Miscellaneous,intent_coverage_offline_downloads_issue,,,,,,pending,,offline_downloads_issue,,False,False,Brand response shown for reviewer orientation only.,high,Customer message contains specific evidence matching offline_downloads_issue in the documented taxonomy.
cand_0132,pair_1336492_1336491,1336495,@SpotifyCares i am on an iphone7plus,"Customer: all my saved songs disappeared on @117168 and idk what to do 🔫
Brand: @431765 Hey, that's not cool! Can you let us know the device you're using? If you've created playlists, can you still see the tracks on them? /JC
Customer: @SpotifyCares i can see all my playlists but my saved songs are all gone https://t.co/hZuDuQcY11","@431765 Thanks. It's not ideal, but a reinstall should help out: https://t.co/EqisDMwZAT. Let us know how it goes /JC",False,playlist_library_curation,,context_dependent_followup,Troubleshooting / Actionable,hard_case_context_dependent_followup,,,,,,pending,,playlist_library_curation,,False,False,Context used because the customer message alone was underspecified. Brand response shown for reviewer orientation only.,medium,"Customer follow-up is underspecified, but preceding context matches playlist_library_curation."
cand_0133,pair_1345779_1345778,1345779,"@SpotifyCares Hey, whats up with the webplayer recently? It just stops playing or doesn't even play to begin with? Used to work so great!",,@433807 Hey Katie! Help's here. Try clearing your browser's cache/cookies and refreshing. Did it do the trick? /MU,True,playback_streaming_issue,playback_streaming_issue,normal,Troubleshooting / Actionable,intent_coverage_playback_streaming_issue,,,,,,pending,,playback_streaming_issue,other_miscellaneous,True,True,Brand response shown for reviewer orientation only.,medium,"Multiple taxonomy patterns matched (playback_streaming_issue, other_miscellaneous); guideline priority rules select playback_streaming_issue."
cand_0134,pair_1356631_1356630,1356631,@spotifycares Hey! I just learned somebody else is using my spotify account. I changed my password but it didnt log the person off.,,"@436307 Hey Riku, we’re sorry to hear that. Check out https://t.co/QHn3ok8y2n for what to do next /TF",True,account_access_credentials,account_access_credentials,normal,Other / Miscellaneous,intent_coverage_account_access_credentials,,,,,,pending,,account_access_credentials,,False,False,Brand response shown for reviewer orientation only. Account/security category requires human review before final annotation.,high,Customer message contains specific evidence matching account_access_credentials in the documented taxonomy.
cand_0135,pair_1356632_1936891,1356631,@436307 @SpotifyCares Same shit happened to me! :D somewhere there in the settings is option to ”log me out on other devices” or smth like..,Customer: @spotifycares Hey! I just learned somebody else is using my spotify account. I changed my password but it didnt log the person off.,@576230 Hey Joel! We're here to help. Can you DM us your account's email address? We'll take a look under the hood /AN https://t.co/ldFdZRiNAt,False,account_access_credentials,,normal,Redirect / DM,multi_turn_followup,,,,,,pending,,account_access_credentials,,False,False,Context used because the customer message alone was underspecified. Brand response shown for reviewer orientation only. Account/security category requires human review before final annotation.,medium,"Customer follow-up is underspecified, but preceding context matches account_access_credentials."
cand_0136,pair_1369161_1369160,1369161,@115888 why did y'all take jersey devil by Ducktails away?,,@438699 Hi! Sometimes content gets temporarily removed because of licensing changes. Hopefully we'll have it available again soon /RA,True,unclear_insufficient_context,,normal,Information / Explanation,intent_coverage_unclear_insufficient_context,,,,,,pending,,unclear_insufficient_context,,True,False,Brand response shown for reviewer orientation only.,low,Customer message and available context lack enough diagnostic detail; guidelines route this to unclear_insufficient_context.
cand_0137,pair_1369725_1369724,1369725,"@115888 What is the literal fucking point of playing an ad RIGHT IN THE MIDDLE of something I'm listening to, so BOTH tracks play. FFS.",,"@438832 Hi! Thanks for your feedback - we'll pass it on. For now, check out https://t.co/zgnxs5kPEu if you haven't had a subscription before /RB",True,playback_streaming_issue,playback_streaming_issue,normal,Information / Explanation,intent_coverage_playback_streaming_issue,,,,,,pending,,playback_streaming_issue,,False,False,Brand response shown for reviewer orientation only.,high,Customer message contains specific evidence matching playback_streaming_issue in the documented taxonomy.
cand_0138,pair_1388818_1388817,1388818,@spotifycares hi my account was billed even though I cancelled it and it was billed the wrong amount,,@443084 Hi! We've replied to your DM. Let's continue chatting there /GU,True,billing_subscription_payment,billing_subscription_payment,normal,Other / Miscellaneous,intent_coverage_billing_subscription_payment,,,,,,pending,,billing_subscription_payment,,False,False,Brand response shown for reviewer orientation only. Financial-support category requires human review before final annotation.,high,Customer message contains specific evidence matching billing_subscription_payment in the documented taxonomy.
cand_0139,pair_1405275_1405277,1405276,@SpotifyCares Still waiting:(,"Customer: @SpotifyCares 
When will India get Spotify?😞
Brand: @446702 We don't have any more info to share about this right now, but hopefully we'll be available there soon :) /AJ",@446702 We're afraid we're unable to give you an exact date yet. Don't forget to add your email to the link we've sent earlier to get updates /MG,False,unclear_insufficient_context,,context_dependent_followup,Other / Miscellaneous,multi_turn_followup,content_catalog_licensing,,False,False,,reviewed,human_override,unclear_insufficient_context,,True,False,Brand response shown for reviewer orientation only.,low,Customer message and available context lack enough diagnostic detail; guidelines route this to unclear_insufficient_context.
cand_0140,pair_1411757_1411756,1411757,@SpotifyCares how long will it take for Spotify website to see my email address has changed on my facebook profile? cant access old email.,,@448119 Hey Dustin! Help's here. Can you DM us your account's email address? We'll take a look backstage /RA https://t.co/ldFdZRiNAt,True,account_access_credentials,account_access_credentials,normal,Redirect / DM,intent_coverage_account_access_credentials,,,,,,pending,,account_access_credentials,,False,False,Brand response shown for reviewer orientation only. Account/security category requires human review before final annotation.,high,Customer message contains specific evidence matching account_access_credentials in the documented taxonomy.
cand_0141,pair_1487756_1487758,1487756,Cmon @115888 just cuz i dont have premium doesnt mean yall can throw random shit like this in bryson tiller shuffle play smh tf is this https://t.co/7bWt2r4gpv,,@465543 1: Hey Jas! Suggested Tracks are part of our Free service on mobile. More info here: https://t.co/Uv9kyGcsCc.,True,playlist_library_curation,playlist_library_curation,normal,Other / Miscellaneous,intent_coverage_playlist_library_curation,,,,,,pending,,playlist_library_curation,,False,False,Brand response shown for reviewer orientation only.,high,Customer message contains specific evidence matching playlist_library_curation in the documented taxonomy.
cand_0142,pair_1488036_1488035,1488036,@SpotifyCares y'all should make an optuon to listen on seperate devices online with same account. Both of us wanna listen and download music,,"@465646 Hey, we don't have any info on this right now, but we'll let the right team know it's something you'd like to see /RB",True,offline_downloads_issue,offline_downloads_issue,normal,Other / Miscellaneous,intent_coverage_offline_downloads_issue,,,,,,pending,,offline_downloads_issue,,False,False,Brand response shown for reviewer orientation only.,high,Customer message contains specific evidence matching offline_downloads_issue in the documented taxonomy.
cand_0143,pair_1510037_1510036,1510041,@SpotifyCares already been played for only 8-10seconds,"Customer: @116130 can you fix your android app pls I want to listen to a song for more than 10 seconds
Brand: @470492 Hey, this doesn't sound good. Can you let us know the Android and Spotify versions you're sunning? We'll see what we can suggest /NY
Customer: @SpotifyCares It works fine after I restart the app but I mean... I shouldn't have to do that every time haha n also it won't then play the ones that have",@470492 Thanks for the info. Can you try the steps here for us: https://t.co/EqisDMwZAT? They should help with this. Any better? /NY,False,other_miscellaneous,,context_dependent_followup,Clarification / Request for Info,hard_case_context_dependent_followup,,,,,,pending,,other_miscellaneous,,False,False,Brand response shown for reviewer orientation only.,low,No specific support-domain evidence matched; guidelines keep this as other_miscellaneous rather than inventing a label.
cand_0144,pair_1517200_1517202,1517206,@SpotifyCares Thanks,"Customer: @SpotifyCares @129773 @15778 Hi, will you be providing options for downloads or the app to be on ""external storage"" /SD card...
Customer: @SpotifyCares @129773 @15778 ...formatted as internal storage on Android? Thanks
Brand: @301192 Hi Victoria! To select your storage device, just follow the steps under Android here: https://t.co/zEMYB82ZiG. Let us know how it goes /GT
Customer: @SpotifyCares This only works if you format the SD card as ""portable storage"", which is how I have it on my phone, I opted for int fmt with my new device.
Customer: @SpotifyCares I tested this last night, with the new device too; reformatted as portable, and I had the option, but prefer the internal format.
Brand: @301192 Got it! We appreciate your feedback. We'll make sure to let the right folks know it's something you'd like to see /GT",@301192 You're welcome! We're just a tweet away if you need anything else. https://t.co/uEkAlnxbzn 🙂 /CX,False,offline_downloads_issue,,context_dependent_followup,Generic Acknowledgement,hard_case_context_dependent_followup,offline_downloads_issue,,False,False,,reviewed,human_override,other_miscellaneous,,False,False,Brand response shown for reviewer orientation only.,low,No specific support-domain evidence matched; guidelines keep this as other_miscellaneous rather than inventing a label.
cand_0145,pair_1525199_1525198,1525201,@SpotifyCares Username is kevingroenendaal. :),"Customer: @SpotifyCares I want to add my girlfriend to my Spotify Family (she lives here), but it seems my address is incorrect. What’s happened?
Customer: @SpotifyCares It’s either Malaga or The Netherlands (29007, 1423EJ), because I moved this year.",@473751 Hey Kevin! Can you DM us her account's email address? We'll take a look backstage /SY https://t.co/ldFdZRiNAt,False,account_access_credentials,account_access_credentials,context_dependent_followup,Redirect / DM,hard_case_context_dependent_followup,,,,,,pending,,account_access_credentials,,False,False,Brand response shown for reviewer orientation only. Account/security category requires human review before final annotation.,high,Customer message contains specific evidence matching account_access_credentials in the documented taxonomy.
cand_0146,pair_1538088_1538087,1538088,@115888 I love you but your shuffling algorithm has turned into absolute garbage,,@476820 2: to hear your feedback here: https://t.co/T3vZnSL3od /JS,True,other_miscellaneous,,sarcasm_slang_hostile,Other / Miscellaneous,hard_case_sarcasm_slang_hostile,,,,,,pending,,other_miscellaneous,,False,False,Brand response shown for reviewer orientation only.,low,No specific support-domain evidence matched; guidelines keep this as other_miscellaneous rather than inventing a label.
cand_0147,pair_1546471_1546473,1546472,@SpotifyCares This is the most recent version from the App Store. Update notes mention zero iPhone X compatibility changes. https://t.co/kBtQFR7yoa,"Customer: @SpotifyCares when will the app be updated to fit the iPhone X screen? It currently looks really bad.
Brand: @478874 Hey there! Can you let us know the exact Spotify version you're rocking? We'll check under the hood /LW",@478874 Thanks. Could you also DM us your account's email address? We'll take a look backstage /LW https://t.co/ldFdZRiNAt,False,app_technical_device,app_technical_device,normal,Redirect / DM,multi_turn_followup,,,,,,pending,,app_technical_device,,False,False,Brand response shown for reviewer orientation only.,high,Customer message contains specific evidence matching app_technical_device in the documented taxonomy.
cand_0148,pair_1588404_1588402,1588404,yo @SpotifyCares,,@387787 Hey there! How can we help you today? We'll be waiting for your reply /MG,True,unclear_insufficient_context,,insufficient_context,Other / Miscellaneous,hard_case_insufficient_context,,,,,,pending,,unclear_insufficient_context,,True,False,Brand response shown for reviewer orientation only. Very short message with no disambiguating context.,low,Customer message and available context lack enough diagnostic detail; guidelines route this to unclear_insufficient_context.
cand_0149,pair_1592995_1592994,1592995,@SpotifyCares check dms,,@214268 Hey! We've just sent you a bit more info over DM. We'll carry on helping out there /NQ,True,unclear_insufficient_context,,insufficient_context,Other / Miscellaneous,hard_case_insufficient_context,,,,,,pending,,unclear_insufficient_context,,True,False,Brand response shown for reviewer orientation only. Very short message with no disambiguating context.,low,Customer message and available context lack enough diagnostic detail; guidelines route this to unclear_insufficient_context.
cand_0150,pair_1595446_1595448,1595447,"@SpotifyCares I'm on an iPhone 6s and using Spotify free, would being on Spotify free affect it?","Customer: @SpotifyCares I've turned off auto play &amp; still being played songs not on my playlist, how do I fix this. Thanks 🌸
Brand: @490197 Hey there! What device are you currently using? Are you rocking Spotify Free or Premium? /MV",@490197 We're afraid so. Looks like you're getting Suggested Tracks. They're part of our Free service on mobile. https://t.co/Uv9kyGcsCc /MV,False,playlist_library_curation,,normal,Other / Miscellaneous,multi_turn_followup,,,,,,pending,,playlist_library_curation,other_miscellaneous,True,True,Context used because the customer message alone was underspecified. Brand response shown for reviewer orientation only.,medium,"Multiple taxonomy patterns matched (playlist_library_curation, other_miscellaneous); guideline priority rules select playlist_library_curation."
cand_0151,pair_1609261_1609260,1609261,Is it possible to over listening to a @115888 playlist to the point it won't play anymore? 🤔,,"@494082 Hi there! Can you let us know the device, operating system, and Spotify version you're rocking? We'll see what we can suggest /JM",True,playlist_library_curation,"playback_streaming_issue,playlist_library_curation",multi_intent,Clarification / Request for Info,hard_case_multi_intent,,,,,,pending,,playlist_library_curation,playback_streaming_issue,True,True,Brand response shown for reviewer orientation only.,medium,"Multiple taxonomy patterns matched (playback_streaming_issue, playlist_library_curation); guideline priority rules select playlist_library_curation."
cand_0152,pair_1655295_1655296,1655291,@SpotifyCares Boom. Fixed. Thank you!,"Customer: Ready to delete my @115888 if there isn’t a way to turn off this wave notification..
Brand: @505168 Hey John! Just to check, could you let us know more on the wave notification? A screenshot of it would come in handy too /MT
Customer: @SpotifyCares Thanks! It’s waze (autocorrect to wave) happens when I start my car and open up the Spotify app. Will follow up with a screen cap ASAP.
Brand: @505168 Sure thing! We'll be on the lookout for your reply /MT
Customer: @SpotifyCares It never goes away. @SpotifyCares https://t.co/gbZxy6a9eT
Brand: @505168 Thanks. Can you check if your Waze integration setting is turned off? Just head to Settings &gt; Social &gt; Waze Navigation /JE","@505168 You're welcome! If you ever need anything else, just shout and we'll come running 🏃 /JX",False,unclear_insufficient_context,,context_dependent_followup,Generic Acknowledgement,multi_turn_followup,,,,,,pending,,other_miscellaneous,,False,False,Brand response shown for reviewer orientation only.,low,No specific support-domain evidence matched; guidelines keep this as other_miscellaneous rather than inventing a label.
cand_0153,pair_1657195_1657193,1657195,I wish @115888 streamed audiobooks,,"@505641 Hey there! You can find our audiobooks in the Word section under the Browse tab. If you need anything else, just shout /JB",True,unclear_insufficient_context,,insufficient_context,Other / Miscellaneous,hard_case_insufficient_context,,,,,,pending,,unclear_insufficient_context,,True,False,Brand response shown for reviewer orientation only. Very short message with no disambiguating context.,low,Customer message and available context lack enough diagnostic detail; guidelines route this to unclear_insufficient_context.
cand_0154,pair_1676608_1676606,1676608,"@115888 
Fix yourself.
Please.",,@296105 Hey! Can you give us a bit more info on what's going on and on what device? We'll do our best to help /CB,True,unclear_insufficient_context,,insufficient_context,Clarification / Request for Info,hard_case_insufficient_context,,,,,,pending,,unclear_insufficient_context,,True,False,Brand response shown for reviewer orientation only. Very short message with no disambiguating context.,low,Customer message and available context lack enough diagnostic detail; guidelines route this to unclear_insufficient_context.
cand_0155,pair_1694974_1694973,1694974,@117153 Just signed up for spotify premium + hulu and I can't activate hulu because I can not load up the web page :(,,"@514264 Hey! Don't worry, we're on it. Our developers are looking into this, and we'll keep everyone updated /DF",True,plan_management_discount,plan_management_discount,normal,Other / Miscellaneous,intent_coverage_plan_management_discount,,,,,,pending,,plan_management_discount,,False,False,Brand response shown for reviewer orientation only.,high,Customer message contains specific evidence matching plan_management_discount in the documented taxonomy.
cand_0156,pair_1700277_1700276,1700277,@spotifycares I cancelled my subscription last month &amp; you’ve just charged me again?! Refund please!,,"@515602 Hi Laura, help's here! Can you DM us your account's username and email address? We'll check it out 🔍 /TR https://t.co/ldFdZRiNAt",True,billing_subscription_payment,billing_subscription_payment,normal,Redirect / DM,intent_coverage_billing_subscription_payment,,,,,,pending,,billing_subscription_payment,,False,False,Brand response shown for reviewer orientation only. Financial-support category requires human review before final annotation.,high,Customer message contains specific evidence matching billing_subscription_payment in the documented taxonomy.
cand_0157,pair_1706430_1706431,1706427,@SpotifyCares Every song on said playlist is a different artist,"Customer: @SpotifyCares Free-mium user here. Thank you for letting me put on a playlist and not hear a single song on that playlist even using skips.
Brand: @517161 Hey Fred! Just to confirm are you getting songs that are not on your playlist? /JP
Customer: @SpotifyCares That is correct - not one on the playlist
Brand: @517161 2: more artists into your playlists. Hope this clears things up /AR",@517161 Hmm. Can you send us the URI of the playlist you're referring to? Just right-click the playlist &gt; Share &gt; URI &gt; Copy Spotify URI /AR,False,content_catalog_licensing,"content_catalog_licensing,playlist_library_curation",multi_intent,Clarification / Request for Info,hard_case_multi_intent,playback_streaming_issue,playlist_library_curation,False,True,,reviewed,human_override,content_catalog_licensing,playlist_library_curation,True,True,Brand response shown for reviewer orientation only.,medium,"Multiple taxonomy patterns matched (content_catalog_licensing, playlist_library_curation); guideline priority rules select content_catalog_licensing."
cand_0158,pair_1710271_1710268,1710271,@115888 @117168 @SpotifyCares is there going to be an X compatibility update??,,"@518150 Hey there! We don't have any info on this right now, but we'll let the right team know it's something you'd like to see /NQ",True,app_technical_device,app_technical_device,normal,Other / Miscellaneous,intent_coverage_app_technical_device,,,,,,pending,,app_technical_device,,False,False,Brand response shown for reviewer orientation only.,high,Customer message contains specific evidence matching app_technical_device in the documented taxonomy.
cand_0159,pair_1728505_1728504,1728505,PUT THIS ON REPEAT!!! @115888 #athenakoumis #NowPlaying #freshfinds @125633 https://t.co/J3ccdpyMir,,@522603 Hey there! We appreciate your feedback. We were sure to pass this on to the right folks 🤘 /KP,True,playlist_library_curation,playlist_library_curation,normal,Information / Explanation,intent_coverage_playlist_library_curation,,,,,,pending,,playlist_library_curation,,False,False,Brand response shown for reviewer orientation only.,high,Customer message contains specific evidence matching playlist_library_curation in the documented taxonomy.
cand_0160,pair_1748250_1748249,1748250,@SpotifyCares Please please partner with Headspace to bring the Spotify + Headspace student bundle to the US.,,"@526992 Hey! We don't have any info on this yet, but we'll make sure to pass on your suggestion /JP",True,other_miscellaneous,,normal,Other / Miscellaneous,intent_coverage_other_miscellaneous,,,,,,pending,,other_miscellaneous,,False,False,Brand response shown for reviewer orientation only.,low,No specific support-domain evidence matched; guidelines keep this as other_miscellaneous rather than inventing a label.
cand_0161,pair_1751391_1751390,1751394,@527691 @SpotifyCares Chrome Version 59.0.3071.115 (Official Build) (64-bit) -- literally same scenario. PC though.,"Customer: @SpotifyCares Y'all having a server error? I can't use the browser version right now. Keeps redirecting me to the login page.
Brand: @527690 Hey Yusef! Do you get an error when trying to load the web player? Can you send us the device and OS you're using? /SJ
Customer: @SpotifyCares @527690 Same issue as well. Chrome (59.0.3071.115), Mac. Web browser version.",@527690 Thanks. Does this happen even when using an incognito window or another web browser? Let us know how it goes /SJ,False,account_access_credentials,,normal,Clarification / Request for Info,multi_turn_followup,,,,,,pending,,account_access_credentials,,False,False,Context used because the customer message alone was underspecified. Brand response shown for reviewer orientation only. Account/security category requires human review before final annotation.,medium,"Customer follow-up is underspecified, but preceding context matches account_access_credentials."
cand_0162,pair_1776972_1776974,1776972,Ok @115888 you have things to explain here. Which playlists get me in #StrangersThings Mode https://t.co/FeB3CjYliI,,"@533963 1: Hey! To see this mode, you need to be on the now playing screen, just tap the song playing to view the album art. /BH",True,playlist_library_curation,playlist_library_curation,normal,Other / Miscellaneous,intent_coverage_playlist_library_curation,,,,,,pending,,playlist_library_curation,,False,False,Brand response shown for reviewer orientation only.,high,Customer message contains specific evidence matching playlist_library_curation in the documented taxonomy.
cand_0163,pair_1787495_1787494,1787497,"@SpotifyCares I can not remember I have EVER listened to the Scorpions on Spotify, but I may be wrong on that. It’s also very far from the usual styles I listen to, that’s why I was so surprised. OTOH, I often like out-of-band suggestions from Spotify.","Customer: And suddenly I have The Scorpions in my @115888 release radar. NO! NOOOO! NO!
Brand: @536999 Hey there! The more you use Spotify, the more personalized Release Radar becomes. Carry on listening to the songs you love. Hope that helps 🙂 /AC","@536999 We understand. Don't worry, we'll pass your feedback to the right team. Keep listening to more of your favourite tunes. This will mix things up. Let us know if we can help with anything else /AC",False,playlist_library_curation,,normal,Other / Miscellaneous,multi_turn_followup,,,,,,pending,,playlist_library_curation,other_miscellaneous,True,True,Context used because the customer message alone was underspecified. Brand response shown for reviewer orientation only.,medium,"Multiple taxonomy patterns matched (playlist_library_curation, other_miscellaneous); guideline priority rules select playlist_library_curation."
cand_0164,pair_1789318_1789317,1789318,"@115888 I can't play anything by Lorde, wtf m8? legal bs or a glitch?",,"@537493 Hey there! Are you getting any specific error messages? If so, can you send us a screenshot of it? /FR",True,playback_streaming_issue,playback_streaming_issue,normal,Clarification / Request for Info,intent_coverage_playback_streaming_issue,,,,,,pending,,playback_streaming_issue,,False,False,Brand response shown for reviewer orientation only.,high,Customer message contains specific evidence matching playback_streaming_issue in the documented taxonomy.
cand_0165,pair_1789320_1789322,1789326,@SpotifyCares Nope ... Same ...,"Customer: Hey @SpotifyCares why are a whole bunch of songs unplayable from my phone but play perfectly well on my computer ...
Customer: @SpotifyCares Not one song in this playlist plays ... https://t.co/jM4vOjcRIO
Customer: @SpotifyCares Humble by Kendrick Lamar plays on and off ... Some days it does some days not
Brand: @537494 Hey there! Can you try logging out &gt; restarting your device &gt; logging back in? See if that helps /RH",@537494 Thanks for giving it a shot. Best thing to try here is a reinstall. Just follow the steps at https://t.co/EqisDMwZAT /RH,False,playback_streaming_issue,,context_dependent_followup,Troubleshooting / Actionable,hard_case_context_dependent_followup,,,,,,pending,,playback_streaming_issue,playlist_library_curation,True,True,Context used because the customer message alone was underspecified. Brand response shown for reviewer orientation only.,medium,"Multiple taxonomy patterns matched (playback_streaming_issue, playlist_library_curation); guideline priority rules select playback_streaming_issue."
cand_0166,pair_1791760_1791759,1791760,@SpotifyCares DM me please. Having issues with your app on Roku.,,"@538181 Hi Celine, we're here to help! Can you shoot us a DM with what's going on, as well as your account's username? We'll check it out /WW https://t.co/ldFdZRiNAt",True,app_technical_device,app_technical_device,normal,Redirect / DM,intent_coverage_app_technical_device,,,,,,pending,,app_technical_device,,False,False,Brand response shown for reviewer orientation only.,high,Customer message contains specific evidence matching app_technical_device in the documented taxonomy.
cand_0167,pair_1792816_1792815,1792816,@115888 @SpotifyCares pleas please update your funkrock playlist I need my fix https://t.co/V7X5JyhSDX,,"@538489 Hey! Our Curation team are independent &amp; use taste, data, research, and trends to create playlists, but we’ll pass on your suggestion /RB",True,playlist_library_curation,"playlist_library_curation,app_technical_device",multi_intent,Other / Miscellaneous,hard_case_multi_intent,,,,,,pending,,playlist_library_curation,app_technical_device,True,True,Brand response shown for reviewer orientation only.,medium,"Multiple taxonomy patterns matched (playlist_library_curation, app_technical_device); guideline priority rules select playlist_library_curation."
cand_0168,pair_1801882_1801881,1801882,"@SpotifyCares how come Spotify doesnt work on the new ""everywhere"" to hear it on multiple Amazon echos in one house? Pandora, TuneIn do",,"@541408 Hey, thanks for reaching out! This is something we'd love in future, so we'll let our devs know you'd like to see it integrated 🙂 /J",True,unclear_insufficient_context,,normal,Other / Miscellaneous,intent_coverage_unclear_insufficient_context,,,,,,pending,,unclear_insufficient_context,,True,False,Brand response shown for reviewer orientation only.,low,Customer message and available context lack enough diagnostic detail; guidelines route this to unclear_insufficient_context.
cand_0169,pair_1805506_1805505,1805506,"I'm trying to add one member of my family that suddendly was removed, but I receive error message ""600 - Oops.."" @403431",,@542493 Hey there! Help's here. Can you DM us all your accounts' email addresses or usernames? We'll take a look backstage /PB https://t.co/ldFdZRiNAt,True,content_catalog_licensing,content_catalog_licensing,normal,Redirect / DM,intent_coverage_content_catalog_licensing,,,,,,pending,,content_catalog_licensing,,False,False,Brand response shown for reviewer orientation only.,high,Customer message contains specific evidence matching content_catalog_licensing in the documented taxonomy.
cand_0170,pair_1806014_1806013,1806014,Is there a limit to how many songs you can have in your @115888 Premium library?,,@306504 Hey Thom! There's currently a 10k limit in Your Music (Songs + Albums + Artists). More info here: https://t.co/59ABtm5Ftl /RA,True,playlist_library_curation,playlist_library_curation,normal,Other / Miscellaneous,intent_coverage_playlist_library_curation,,,,,,pending,,playlist_library_curation,,False,False,Brand response shown for reviewer orientation only.,high,Customer message contains specific evidence matching playlist_library_curation in the documented taxonomy.
cand_0171,pair_1831276_1831275,1831276,@spotifycares you charged me twice for my service this month,,@278435 Hi! Help's here. Can you DM us your account's username or email address? We'll take a look under the hood /CP https://t.co/ldFdZRiNAt,True,billing_subscription_payment,billing_subscription_payment,normal,Redirect / DM,intent_coverage_billing_subscription_payment,,,,,,pending,,billing_subscription_payment,,False,False,Brand response shown for reviewer orientation only. Financial-support category requires human review before final annotation.,high,Customer message contains specific evidence matching billing_subscription_payment in the documented taxonomy.
cand_0172,pair_1835318_1835317,1835318,@SpotifyCares @125633 Hi I reached out through email weeks ago requesting an artist separation. Still haven't heard back. Pls help,,"@550410 Hey Jake, help's here! Could you DM us the email address you used to reach out? We'll take a look into things /SP /SP https://t.co/ldFdZRiNAt",True,content_catalog_licensing,content_catalog_licensing,normal,Redirect / DM,intent_coverage_content_catalog_licensing,,,,,,pending,,content_catalog_licensing,,False,False,Brand response shown for reviewer orientation only.,high,Customer message contains specific evidence matching content_catalog_licensing in the documented taxonomy.
cand_0173,pair_1844549_1844550,1844554,@SpotifyCares it happens nearly all the time no matter if I’m connected to a speaker or not. Like today I put a playlist of 80 songs on shuffle and the first five songs were from the same album and each time I’d reshuffle I’d keep getting that same album even though I only had 13 songs from it,"Customer: @SpotifyCares I don’t know if you guys are aware or if this is a widespread problem but for the past month or so when I shuffle songs it doesn’t shuffle right.  If I have an album on a playlist it will play all the songs from that album and not play anything else.  It’s annoying.
Brand: @83766 Hey! Can you let us know if you're using Shuffle with Connect? We'll check things out for you /YM
Customer: @SpotifyCares What the H E C K does “Shuffle with Connect mean”?
Brand: @466624 Does this happen when you're listening on a Wi-Fi-connected speaker or TV, using the Spotify app as a remote? /YM",@466624 1: We’ll get this passed onto the right team. It'd be best if you can also share your feedback here: https://t.co/T3vZnSL3od.,False,playlist_library_curation,playlist_library_curation,normal,Other / Miscellaneous,multi_turn_followup,,,,,,pending,,playlist_library_curation,,False,False,Brand response shown for reviewer orientation only.,high,Customer message contains specific evidence matching playlist_library_curation in the documented taxonomy.
cand_0174,pair_1849756_1849754,1849756,@SpotifyCares I signed up for free trial of premium and when I log into my desktop app it still shows as Spotify free account.,,"@553804 Hey Eric, we're here to help! Could you send us a DM with your account's email address and username? We'll take a look backstage /RV https://t.co/ldFdZRiNAt",True,app_technical_device,app_technical_device,normal,Redirect / DM,intent_coverage_app_technical_device,,,,,,pending,,app_technical_device,,False,False,Brand response shown for reviewer orientation only.,high,Customer message contains specific evidence matching app_technical_device in the documented taxonomy.
cand_0175,pair_1853284_1853283,1853285,"@SpotifyCares @37032 I’ve deleted it , I’ve turned off my phone and i log out and still doesn’t play my music",Customer: @SpotifyCares I press on an album &amp; it doesn’t play :/ then I press on a different one it plays all I’m trying to do it listen to @37032,"@554569 Hey, help's here! Are you getting an error message? If so, a screenshot would come in handy /RH",False,account_access_credentials,"account_access_credentials,playlist_library_curation",multi_intent,Other / Miscellaneous,hard_case_multi_intent,,,,,,pending,,account_access_credentials,playlist_library_curation,False,True,Brand response shown for reviewer orientation only. Account/security category requires human review before final annotation.,medium,"Multiple taxonomy patterns matched (account_access_credentials, playlist_library_curation); guideline priority rules select account_access_credentials."
cand_0176,pair_1853474_1853475,1853479,@SpotifyCares Nope,"Customer: .@115888 that was NOT 30 minutes
Brand: @554621 Hey there! Can you let us know what's happening exactly? We'll see what we can suggest /FR
Customer: @SpotifyCares I listen to the ad for 30 minutes of ad free music and then 3 songs later I get another ad🤔
Brand: @554621 That doesn't sound good! Did the app crash at any point during the 30 minutes? That can cause the ad-free time to reset /FR","@554621 1: Thanks for confirming! Just to check, did you definitely watch the video ad that grants you 30 minutes ad-free... /FR",False,app_technical_device,,context_dependent_followup,Generic Acknowledgement,hard_case_context_dependent_followup,,,,,,pending,,app_technical_device,,False,False,Context used because the customer message alone was underspecified. Brand response shown for reviewer orientation only.,medium,"Customer follow-up is underspecified, but preceding context matches app_technical_device."
cand_0177,pair_1853555_1853554,1853555,@115888 where is the This Is @57095 playlist?,,"@554632 Hey! Our Curation team are independent &amp; use taste, data, research, and trends to create playlists, but we’ll pass on your suggestion 🙂 /CH",True,playlist_library_curation,playlist_library_curation,normal,Other / Miscellaneous,intent_coverage_playlist_library_curation,,,,,,pending,,playlist_library_curation,,False,False,Brand response shown for reviewer orientation only.,high,Customer message contains specific evidence matching playlist_library_curation in the documented taxonomy.
cand_0178,pair_1871485_1871487,1871485,Yoooo @115888 got this lifting sanctions off Sudan wrong! I can't use the app without vpn for the 1st time in 2 years wtf,,"@558881 2: add your email at https://t.co/X8DVSX9QgM. Also, we don't support the use of VPN and can't guarantee that it'll always work /LO",True,other_miscellaneous,,sarcasm_slang_hostile,Other / Miscellaneous,hard_case_sarcasm_slang_hostile,,,,,,pending,,other_miscellaneous,,False,False,Brand response shown for reviewer orientation only.,low,No specific support-domain evidence matched; guidelines keep this as other_miscellaneous rather than inventing a label.
cand_0179,pair_1872342_1872341,1872342,"Bakit kapag sa smart TV, hindi shuffled plus unlimited skips kahit free lang naman subscription ko? 😂 @115888 https://t.co/fbhWnTjdVL",,"@559109 Hey Diana! We've no Filipino support, but we can help in English. Just give us more info on what's going on. We'll do our best to help /MT",True,playback_streaming_issue,playback_streaming_issue,normal,Other / Miscellaneous,intent_coverage_playback_streaming_issue,,,,,,pending,,playback_streaming_issue,,False,False,Brand response shown for reviewer orientation only.,high,Customer message contains specific evidence matching playback_streaming_issue in the documented taxonomy.
cand_0180,pair_1882096_1882095,1882096,"@3493 Excited to sign up for a family plan... gave up after 30 minutes of ""expired forms"" and ""Invalid Postal Codes.  Frustrating.",,"@561659 Hey there, help's here! Can you DM us a screenshot of what you're seeing on your end? We'll see what we can suggest 🙂 /CG https://t.co/ldFdZRiNAt",True,plan_management_discount,plan_management_discount,normal,Redirect / DM,intent_coverage_plan_management_discount,,,,,,pending,,plan_management_discount,,False,False,Brand response shown for reviewer orientation only.,high,Customer message contains specific evidence matching plan_management_discount in the documented taxonomy.
cand_0181,pair_1882953_1882952,1882953,"@SpotifyCares My family can't sign into their accounts.  We're on Premium Family.  Please help! Yes, they're in the same home.",,@561920 Hey! Help's here. Can you DM us the email addresses tied to the accounts included in your Family plan? We'll take a look backstage /RA https://t.co/ldFdZRiNAt,True,plan_management_discount,plan_management_discount,normal,Redirect / DM,intent_coverage_plan_management_discount,,,,,,pending,,plan_management_discount,,False,False,Brand response shown for reviewer orientation only.,high,Customer message contains specific evidence matching plan_management_discount in the documented taxonomy.
cand_0182,pair_1895394_1895393,1895394,"@116130 hi, my sis is trying to reset her password but when she gets the email, the reset link is NOT there. please help!!!!",,@564948 Hi Cheney! Help's here. Can you DM us your sister's account's username or email address? We'll check things backstage /MU https://t.co/ldFdZRiNAt,True,account_access_credentials,account_access_credentials,normal,Redirect / DM,intent_coverage_account_access_credentials,,,,,,pending,,account_access_credentials,,False,False,Brand response shown for reviewer orientation only. Account/security category requires human review before final annotation.,high,Customer message contains specific evidence matching account_access_credentials in the documented taxonomy.
cand_0183,pair_1907103_1907101,1907103,R U KIDDING ME I DONT HAVE SPOTIFY IN MY COUNTRY,,@568221 Hey Stella! We're launching regularly in countries around the world. Sign up here to be first to hear: https://t.co/XDwWzj7cLP /MV,True,content_catalog_licensing,content_catalog_licensing,normal,Other / Miscellaneous,intent_coverage_content_catalog_licensing,,,,,,pending,,content_catalog_licensing,,False,False,Brand response shown for reviewer orientation only.,high,Customer message contains specific evidence matching content_catalog_licensing in the documented taxonomy.
cand_0184,pair_1908253_1908252,1908253,@115888 cheers for randomly deleting all my downloads.,,@568473 Sorry to hear that! Check out the steps under “Downloads unexpectedly removed” at https://t.co/38J7tFlIBF. They should help with this /MQ,True,offline_downloads_issue,offline_downloads_issue,normal,Other / Miscellaneous,intent_coverage_offline_downloads_issue,,,,,,pending,,offline_downloads_issue,,False,False,Brand response shown for reviewer orientation only.,high,Customer message contains specific evidence matching offline_downloads_issue in the documented taxonomy.
cand_0185,pair_1911975_1911974,1911977,@139985 @SpotifyCares anything new on why his music is being removed?,"Customer: #NewProfilePic https://t.co/LdA0NJtrEC
Customer: @139985 Your music is gone from Spotify again 😕",@139984 Hey! Licensing agreements can affect music availability. There's info about Spotify content here: https://t.co/YlV1IAXwsi. Let us know if there's anything else /RC,False,content_catalog_licensing,content_catalog_licensing,normal,Information / Explanation,multi_turn_followup,,,,,,pending,,content_catalog_licensing,,False,False,Brand response shown for reviewer orientation only.,high,Customer message contains specific evidence matching content_catalog_licensing in the documented taxonomy.
cand_0186,pair_1920804_1920803,1920806,@571821 @115888 Bunch of orchestra and Gaelic singers 😭😭,"Customer: Patiently waiting on @115888 to correct my artist profile and take off all the music that’s not mine 😣
Customer: @571820 @115888 haha what the hell? just had a look, some random stuff up there","@571820 Hey! You can contact our Artist team here: https://t.co/p1wbtdELHu! If you've reached out, DM us your email address &amp; we'll chase it up /TF",False,content_catalog_licensing,,normal,Redirect / DM,multi_turn_followup,,,,,,pending,,content_catalog_licensing,,False,False,Context used because the customer message alone was underspecified. Brand response shown for reviewer orientation only.,medium,"Customer follow-up is underspecified, but preceding context matches content_catalog_licensing."
cand_0187,pair_1921508_1921507,1921508,"i cant connect on my computer!!!!!!!!!!!!!!!!!! this fucking sucks, i love spotify, please have domeone from customer support help me",,"@572021 Hey Matt, help's here! Are you getting any specific error messages? Can you DM us your account's email address? We'll check things out /KC https://t.co/ldFdZRiNAt",True,unclear_insufficient_context,,sarcasm_slang_hostile,Redirect / DM,hard_case_sarcasm_slang_hostile,,,,,,pending,,other_miscellaneous,,False,False,Brand response shown for reviewer orientation only.,low,No specific support-domain evidence matched; guidelines keep this as other_miscellaneous rather than inventing a label.
cand_0188,pair_1927969_1927968,1927969,"@SpotifyCares Hi! Just learned you bill my dad, Mel Tormé, as the ""Velvet Frog"" Hmmm...Please correct.  He was the one and only Velvet Fog.",,@573769 Hi Daisy! Can you DM us your account's email address or username? A screenshot of what you're seeing will be super helpful too /GT https://t.co/ldFdZRiNAt,True,billing_subscription_payment,billing_subscription_payment,normal,Redirect / DM,intent_coverage_billing_subscription_payment,,,,,,pending,,billing_subscription_payment,,False,False,Brand response shown for reviewer orientation only. Financial-support category requires human review before final annotation.,high,Customer message contains specific evidence matching billing_subscription_payment in the documented taxonomy.
cand_0189,pair_1938161_1938162,1938163,"@SpotifyCares and there's no way to go back online from the login screen. So I had to wipe the app. Now I'm on a plane without my music, which sucks.","Customer: Hey @115888 I'm traveling and got hit with a really annoying bug. Android app kicked me to sign in when offline mode. Had to clear all...
Customer: @115888 data to be able to sign back in. Of course that meant I lost all my downloaded music. So yeah, traveling, this sucks.
Brand: @576541 Hey James, sorry to hear that! The steps under “Downloads unexpectedly removed” at https://t.co/38J7tFlIBF should help with this /MG
Customer: @SpotifyCares None of those apply. It's certainly a bug. The app kicked me to the login screen and login doesn't work offline, you have to ""go online"".",@576541 Apologies for the inconvenience. Could you DM us your account's email address or username? We'll take a look backstage /MT https://t.co/ldFdZRiNAt,False,account_access_credentials,"account_access_credentials,playlist_library_curation",multi_intent,Redirect / DM,hard_case_multi_intent,,,,,,pending,,account_access_credentials,playlist_library_curation,False,True,Brand response shown for reviewer orientation only. Account/security category requires human review before final annotation.,medium,"Multiple taxonomy patterns matched (account_access_credentials, playlist_library_curation); guideline priority rules select account_access_credentials."
cand_0190,pair_1941628_1941627,1941628,@115888 Why are adverts playing on top of our music on desktop? ☹️,,"@577399 Hey, that doesn't sound right. Can you let us know the operating system and Spotify version you're using? We'll see what we can suggest /RH",True,playback_streaming_issue,playback_streaming_issue,normal,Clarification / Request for Info,intent_coverage_playback_streaming_issue,,,,,,pending,,playback_streaming_issue,,False,False,Brand response shown for reviewer orientation only.,high,Customer message contains specific evidence matching playback_streaming_issue in the documented taxonomy.
cand_0191,pair_1949202_1949201,1949202,love it if someone could share exactly how to merge a personal @115888 account to an artist one?,,@579059 Hey there! Can you let us know the email addresses of your accounts via DM? We'll see what we can suggest /PL https://t.co/ldFdZRiNAt,True,content_catalog_licensing,content_catalog_licensing,normal,Redirect / DM,intent_coverage_content_catalog_licensing,,,,,,pending,,content_catalog_licensing,other_miscellaneous,True,True,Brand response shown for reviewer orientation only.,medium,"Multiple taxonomy patterns matched (content_catalog_licensing, other_miscellaneous); guideline priority rules select content_catalog_licensing."
cand_0192,pair_1950478_1950477,1950478,"@SpotifyCares I have a paid subscription but it is still saying it’s a free account and playing ads, no skips etc.
Can someone please help?",,@579325 Hi Siobhan! We've just replied to your DM. We'll be happy to continue helping there /BD,True,playback_streaming_issue,"playback_streaming_issue,billing_subscription_payment",multi_intent,Other / Miscellaneous,hard_case_multi_intent,,,,,,pending,,playback_streaming_issue,billing_subscription_payment,True,True,Brand response shown for reviewer orientation only.,medium,"Multiple taxonomy patterns matched (playback_streaming_issue, billing_subscription_payment); guideline priority rules select playback_streaming_issue."
cand_0193,pair_1952705_1952704,1952705,@SpotifyCares hi I have an issue I need help with as I have 2 accounts that need putting together...help am a novice!,,"@579803 Hi Jenny, help's here! Can you DM us both account's usernames and email addresses? We'll get this sorted /TY https://t.co/ldFdZRiNAt",True,unclear_insufficient_context,,normal,Redirect / DM,intent_coverage_unclear_insufficient_context,,,,,,pending,,unclear_insufficient_context,,True,False,Brand response shown for reviewer orientation only.,low,Customer message and available context lack enough diagnostic detail; guidelines route this to unclear_insufficient_context.
cand_0194,pair_1954789_1954788,1954789,ok @spotifycares pls can u care to not put playlist radio on when im just wanting to listen to my playlist rather than songs i MIGHT want,,@580257 Hey there! Could you DM us your account's username and email address? We'll see what we can suggest /DF https://t.co/ldFdZRiNAt,True,playlist_library_curation,playlist_library_curation,normal,Redirect / DM,intent_coverage_playlist_library_curation,,,,,,pending,,playlist_library_curation,,False,False,Brand response shown for reviewer orientation only.,high,Customer message contains specific evidence matching playlist_library_curation in the documented taxonomy.
cand_0195,pair_2550456_2550457,1956605,@SpotifyCares 8.4.24.506 and iOS 11.0.3,"Customer: @115888 any reason as to why my songs aren’t showing up on the lock screen? Or in my control centre?
Brand: @580640 Hey there! What device, operating system, and Spotify version are you using? We'll see what we can suggest /NG
Customer: @SpotifyCares On iPhone 6S and Spotify Premium!
Brand: @580640 2: and head to Settings &gt; About. As for the iOS, open Settings &gt; General &gt; About /NG",@580640 Got it. Does logging out then back in make any difference? Restarting your device might help too /NG,False,unclear_insufficient_context,,context_dependent_followup,Troubleshooting / Actionable,hard_case_context_dependent_followup,,,,,,pending,,unclear_insufficient_context,,True,False,Brand response shown for reviewer orientation only.,low,Customer message and available context lack enough diagnostic detail; guidelines route this to unclear_insufficient_context.
cand_0196,pair_1956771_1956769,1956771,how do you get rid of songs on spotify that take up your storage,,"@580677 Hey there! Can you let us know your device, operating system, and version of Spotify you're using? We'll see what we can suggest /AG",True,offline_downloads_issue,offline_downloads_issue,normal,Clarification / Request for Info,intent_coverage_offline_downloads_issue,,,,,,pending,,offline_downloads_issue,,False,False,Brand response shown for reviewer orientation only.,high,Customer message contains specific evidence matching offline_downloads_issue in the documented taxonomy.
cand_0197,pair_1961252_1961251,1961252,@SpotifyCares Hey suddenly unable to download my music but my sub is paid until the 8th. Need some help figuring what is up :),,"@581654 Hey, that doesn't sound good! Can you DM us your account's username and email address? We'll take a look under the hood /MS https://t.co/ldFdZRiNAt",True,offline_downloads_issue,"offline_downloads_issue,billing_subscription_payment,playlist_library_curation",multi_intent,Redirect / DM,hard_case_multi_intent,,,,,,pending,,offline_downloads_issue,"billing_subscription_payment,playlist_library_curation",True,True,Brand response shown for reviewer orientation only.,medium,"Multiple taxonomy patterns matched (offline_downloads_issue, billing_subscription_payment, playlist_library_curation); guideline priority rules select offline_downloads_issue."
cand_0198,pair_1961527_1961528,1961534,@SpotifyCares I'll let you know.,"Customer: Hey @115888 I don't mind ads one bit in your web player, but audio ads that play *during* the song? That's a bit concerning.
Customer: @581715 @115888 is that starting to happen?
Customer: @581716 @115888 Happening to me right now anyway. It's a @20793 ad
Customer: @581715 @115888 @20793 Does it pause the song or play over top?
Customer: @581716 @115888 @20793 Plays over the song I'm listening to. I have to believe it's a mistake somewhere down the line and not an intentional thing
Brand: @581715 Hey there! Could you let us know what device/OS you're using? We'll see what we can suggest /DF
Customer: @SpotifyCares Chrome browser,  windows 7. It's the web-based player
Brand: @581715 Thanks. Just to check, are there any other apps open when this happens? Also, is this happening to a specific playlist or album? /AK
Customer: @SpotifyCares There were a number of apps &amp; tabs open. Occurred during ""assassination of Jesse James by coward Robert Ford"" sountrack.
Brand: @581715 Hmm. Can you check if this happens when there are no other apps open? We'll keep an eye out for your update /AK",@581715 Sounds like a plan! We’ll be waiting for your message /TM,False,playback_streaming_issue,,context_dependent_followup,Other / Miscellaneous,hard_case_context_dependent_followup,,,,,,pending,,playback_streaming_issue,"playlist_library_curation,app_technical_device,other_miscellaneous",True,True,Context used because the customer message alone was underspecified. Brand response shown for reviewer orientation only.,medium,"Multiple taxonomy patterns matched (playback_streaming_issue, playlist_library_curation, app_technical_device, other_miscellaneous); guideline priority rules select playback_streaming_issue."
cand_0199,pair_1962700_1962697,1962703,@SpotifyCares  https://t.co/XWgIBYZOAj,"Customer: @SpotifyCares not sure why but my phone Samsung Galaxy S7 stops the app randomly sometimes. Also the background mode goes away too. Help?
Brand: @581974 Hey there! Can you let us know the Android and Spotify versions you're using? We'll see what we can suggest /RH",@581974 Thanks. Can you try logging out &gt; restarting your phone &gt; logging back in? Let us know if that makes a difference /RH,False,playback_streaming_issue,,context_dependent_followup,Troubleshooting / Actionable,hard_case_context_dependent_followup,,,,,,pending,,playback_streaming_issue,,False,False,Context used because the customer message alone was underspecified. Brand response shown for reviewer orientation only.,medium,"Customer follow-up is underspecified, but preceding context matches playback_streaming_issue."
cand_0200,pair_1970265_1970264,1970265,"@SpotifyCares I don't know if this is where I should ask but, will we ever get a ""remove from this playlist"" option here on this list? https://t.co/ShCSOeXUeR",,@583650 Hey! Can you send us a DM with your account's email address/username and the playlist link? Just tap the three dots &gt; Share &gt; Copy Link /XF https://t.co/ldFdZRiNAt,True,playlist_library_curation,playlist_library_curation,normal,Redirect / DM,intent_coverage_playlist_library_curation,,,,,,pending,,playlist_library_curation,,False,False,Brand response shown for reviewer orientation only.,high,Customer message contains specific evidence matching playlist_library_curation in the documented taxonomy.
cand_0201,pair_1978280_1978282,1978284,@SpotifyCares I tagged as Chrome for Mac.,"Customer: @115888 How do I change the order of songs in a playlist, please? #macOS #Chrome #techsupport
Brand: @128896 Hi Jade! Are you using the Spotify desktop app or the web player? Let us know, and we'll see what we can do 🙂 /MS",@128896 2: You can also find all the info on how to sort the songs in your playlists and more at https://t.co/27tQ1AasOw /BH,False,playlist_library_curation,,context_dependent_followup,Other / Miscellaneous,hard_case_context_dependent_followup,,,,,,pending,,playlist_library_curation,app_technical_device,True,True,Context used because the customer message alone was underspecified. Brand response shown for reviewer orientation only.,medium,"Multiple taxonomy patterns matched (playlist_library_curation, app_technical_device); guideline priority rules select playlist_library_curation."
cand_0202,pair_1980394_1980393,1980394,How is @115888 taking up so much room? I delete and redownload bi-weekly. I don't have any offline downloads either. ☹️ #1stWorldProblems https://t.co/ctKYZK7mif,,"@586234 Hey Aaron, thanks for the screenshot! Can you DM us your account's email address so we can take a closer look backstage? /RR https://t.co/ldFdZRiNAt",True,offline_downloads_issue,offline_downloads_issue,normal,Redirect / DM,intent_coverage_offline_downloads_issue,,,,,,pending,,offline_downloads_issue,,False,False,Brand response shown for reviewer orientation only.,high,Customer message contains specific evidence matching offline_downloads_issue in the documented taxonomy.
cand_0203,pair_1988805_1988804,1988805,@SpotifyCares y'all still don't got baby come back on the baby come back album by player wtf,,"@588623 Hey, help's here! Can you DM us your account's email address and the country you're in right now? We'll check backstage /GK https://t.co/ldFdZRiNAt",True,other_miscellaneous,,sarcasm_slang_hostile,Redirect / DM,hard_case_sarcasm_slang_hostile,,,,,,pending,,other_miscellaneous,,False,False,Brand response shown for reviewer orientation only.,low,No specific support-domain evidence matched; guidelines keep this as other_miscellaneous rather than inventing a label.
cand_0204,pair_1989696_1989695,1989696,"@SpotifyCares It says you gave me a gift for my birthday, but I don't have a credit card. Can you just give my account premium?",,"@588834 Hi there! Just to clarify, was it from an email you received? If so, can you DM us the content so we could have it checked? /JM https://t.co/ldFdZRiNAt",True,billing_subscription_payment,billing_subscription_payment,normal,Redirect / DM,intent_coverage_billing_subscription_payment,,,,,,pending,,billing_subscription_payment,,False,False,Brand response shown for reviewer orientation only. Financial-support category requires human review before final annotation.,high,Customer message contains specific evidence matching billing_subscription_payment in the documented taxonomy.
cand_0205,pair_2000726_2000725,2000726,@115888 you guys charged me more than you should’ve :\,,"@591598 Hey, that's not cool! Could you send us a DM with your account's email address or username? We'll take a look backstage /LO https://t.co/ldFdZRiNAt",True,billing_subscription_payment,billing_subscription_payment,normal,Redirect / DM,intent_coverage_billing_subscription_payment,,,,,,pending,,billing_subscription_payment,,False,False,Brand response shown for reviewer orientation only. Financial-support category requires human review before final annotation.,high,Customer message contains specific evidence matching billing_subscription_payment in the documented taxonomy.
cand_0206,pair_2010864_2010863,2010864,why can't i select songs on spotify free when my friends can??!?! it's unfair wtf,,@594624 Hey! This is part of our Free service on mobile. More info here: https://t.co/Uv9kyGcsCc. We're here for you if there's anything else /YM,True,unclear_insufficient_context,,sarcasm_slang_hostile,Other / Miscellaneous,hard_case_sarcasm_slang_hostile,,,,,,pending,,unclear_insufficient_context,,True,False,Brand response shown for reviewer orientation only.,low,Customer message and available context lack enough diagnostic detail; guidelines route this to unclear_insufficient_context.
cand_0207,pair_2022245_2022243,2022245,@SpotifyCares I've been a premium user for a while now. Why can't I play downloaded songs when not connected to WiFi or when data is off?,,"@598086 Hey, sorry to hear that! Check out the steps under “Downloaded songs won't play” at https://t.co/38J7tFlIBF. They should help with this /MG",True,offline_downloads_issue,offline_downloads_issue,normal,Other / Miscellaneous,intent_coverage_offline_downloads_issue,,,,,,pending,,offline_downloads_issue,,False,False,Brand response shown for reviewer orientation only.,high,Customer message contains specific evidence matching offline_downloads_issue in the documented taxonomy.
cand_0208,pair_2027308_2027307,2027308,@SpotifyCares How am I suppose to get through my boring work day if your online streaming is down!?,,"@599512 Hey Myiah! Could you let us know your device's make/model, operating system, and Spotify version? We'll see what we can suggest /GU",True,other_miscellaneous,,normal,Clarification / Request for Info,intent_coverage_other_miscellaneous,,,,,,pending,,other_miscellaneous,,False,False,Brand response shown for reviewer orientation only.,low,No specific support-domain evidence matched; guidelines keep this as other_miscellaneous rather than inventing a label.
cand_0209,pair_2042272_2042271,2042272,@SpotifyCares i bought the student premium because i’m a student in high school but after my purchase it said it’s for uni people,,@603907 Hey. We're afraid the student discount is only available to those with a UNiDAYS account. Can you DM us your account's email/username? /AY https://t.co/ldFdZRiNAt,True,plan_management_discount,plan_management_discount,normal,Redirect / DM,intent_coverage_plan_management_discount,,,,,,pending,,plan_management_discount,,False,False,Brand response shown for reviewer orientation only.,high,Customer message contains specific evidence matching plan_management_discount in the documented taxonomy.
cand_0210,pair_2054239_2054238,2054239,@116130 why do my downloads keeps getting un downloaded?,,"@607557 Hey, sorry to hear that! Check out the steps under “Downloads unexpectedly removed” at https://t.co/38J7tFlIBF. They should help /MA",True,offline_downloads_issue,offline_downloads_issue,normal,Other / Miscellaneous,intent_coverage_offline_downloads_issue,,,,,,pending,,offline_downloads_issue,,False,False,Brand response shown for reviewer orientation only.,high,Customer message contains specific evidence matching offline_downloads_issue in the documented taxonomy.
cand_0211,pair_2056255_2056254,2056258,@608114 I've updated my bluetooth headphone software and as of yesterday - it's still happening. It's mind numbing @2247 @SpotifyCares,"Customer: Spotify pausing itself continually on Galaxy S8+. Wonderful feeling. Gone through power settings, uninstalled/reinstalled blah blah blah.
Customer: @286711 Same issue here. Found any new solutions?
Customer: @608114 Uninstalled/reinstalled, done the ""sign out on all devices"" thing on desktop, exempted Spotify from power saving measures in my settins",@286711 Hey Ryan! That's not cool. Could you DM us your account's email address/username? We'll take a look backstage /C https://t.co/ldFdZR1cbT,False,app_technical_device,app_technical_device,normal,Redirect / DM,multi_turn_followup,,,,,,pending,,app_technical_device,,False,False,Brand response shown for reviewer orientation only.,high,Customer message contains specific evidence matching app_technical_device in the documented taxonomy.
cand_0212,pair_2056895_2056894,2056895,"@SpotifyCares why Please honor my language settings get rid of geolocation. Browser, System and Account has language settings you ignore!!!",,@608323 Hi there! Can you tell us what's happening exactly and DM us your account's username or email address? We'll take a look under the hood /JM https://t.co/ldFdZRiNAt,True,unclear_insufficient_context,,normal,Redirect / DM,intent_coverage_unclear_insufficient_context,,,,,,pending,,unclear_insufficient_context,,True,False,Brand response shown for reviewer orientation only.,low,Customer message and available context lack enough diagnostic detail; guidelines route this to unclear_insufficient_context.
cand_0213,pair_2058152_2058151,2058152,@SpotifyCares I need help recovering my songs i sent an email on monday and no reply yet :(,,@608701 Hey Kevin! Could you send us a DM with your account's email address or username? We'll take a look backstage /LO https://t.co/ldFdZRiNAt,True,unclear_insufficient_context,,normal,Redirect / DM,intent_coverage_unclear_insufficient_context,,,,,,pending,,unclear_insufficient_context,,True,False,Brand response shown for reviewer orientation only.,low,Customer message and available context lack enough diagnostic detail; guidelines route this to unclear_insufficient_context.
cand_0214,pair_2058783_2058785,2058784,@SpotifyCares I have a complaint so you try to sell me spotify premium lol wtf,"Customer: @115888 4 ads in a row?  Wtf
Brand: @608903 Hey, thanks for your feedback - we'll pass it on. For now, check out https://t.co/zgnxs5kPEu if you haven't had a subscription before /RB",@608903 Sorry to hear that you feel that way. Keep in mind that ads help keep our Free service free. We'll make sure your feedback is passed on /MU,False,other_miscellaneous,,sarcasm_slang_hostile,Other / Miscellaneous,hard_case_sarcasm_slang_hostile,,,,,,pending,,other_miscellaneous,,False,False,Context used because the customer message alone was underspecified. Brand response shown for reviewer orientation only.,medium,"Customer follow-up is underspecified, but preceding context matches other_miscellaneous."
cand_0215,pair_2062482_2062481,2062482,Ano na? @SpotifyCares @115888 https://t.co/XV4EapXieG,,"@609970 @115888 Hi! For your security, we'd suggest deleting your tweet as it contains your private info. We've just sent you a DM. Let's carry on there /JE",True,unclear_insufficient_context,,insufficient_context,Other / Miscellaneous,hard_case_insufficient_context,,,,,,pending,,unclear_insufficient_context,,True,False,Brand response shown for reviewer orientation only. Very short message with no disambiguating context.,low,Customer message and available context lack enough diagnostic detail; guidelines route this to unclear_insufficient_context.
cand_0216,pair_2065303_2065302,2065303,"@SpotifyCares y’all are trash, you can’t even fix my account but you can tweet at other people, cool.",,"@610754 Hey there, we're happy to help out. Could you send us a DM with your account's email address and username? We'll take a look backstage /RV https://t.co/ldFdZRiNAt",True,unclear_insufficient_context,,sarcasm_slang_hostile,Redirect / DM,hard_case_sarcasm_slang_hostile,,,,,,pending,,unclear_insufficient_context,,True,False,Brand response shown for reviewer orientation only.,low,Customer message and available context lack enough diagnostic detail; guidelines route this to unclear_insufficient_context.
cand_0217,pair_2067867_2067866,2067867,Yay 💛💛💛 https://t.co/WSsh0tcz2d,,@432156 Cool beans! You know where to find us if there's anything else you need help with. https://t.co/uEkAlnxbzn 😉 /CH,True,unclear_insufficient_context,,insufficient_context,Other / Miscellaneous,hard_case_insufficient_context,,,,,,pending,,unclear_insufficient_context,,True,False,Brand response shown for reviewer orientation only. Very short message with no disambiguating context.,low,Customer message and available context lack enough diagnostic detail; guidelines route this to unclear_insufficient_context.
cand_0218,pair_2081623_2081622,2081628,"@SpotifyCares I also force closed the app, which stopped the download until I reopened the app again.","Customer: @SpotifyCares 45 songs just downloaded over cellular data. Couldn't stop them without airplane mode. Explain yourself.
Brand: @615596 Hi Dewitt! What device (make &amp; model), operating system, and app version are you using? We'll keep an eye out for your reply /LP
Customer: @SpotifyCares Samsung Galaxy S7
Android 7.0 Nougat
Spotify 8.4.22.857 armV7
Brand: @615596 Got it. Can you check if Download using cellular is enabled under Your Library &gt; Settings &gt; Music Quality? We'll be right here waiting /LP",@615596 Hmm. Could you send us your account's username or email address via DM? We'll take a look backstage /LP https://t.co/ldFdZRiNAt,False,offline_downloads_issue,"playback_streaming_issue,offline_downloads_issue",multi_intent,Redirect / DM,hard_case_multi_intent,offline_downloads_issue,app_technical_device,False,True,,reviewed,human_override,offline_downloads_issue,playback_streaming_issue,True,True,Brand response shown for reviewer orientation only.,medium,"Multiple taxonomy patterns matched (playback_streaming_issue, offline_downloads_issue); guideline priority rules select offline_downloads_issue."
cand_0219,pair_2095029_2095028,2095029,@SpotifyCares i cant buy spotify premium. I already tried creating new account and contacting bank. There is no problem.,,@618946 Hey there! We're here to help. Could you DM us your account's email address? We'll have a look /KT https://t.co/ldFdZRiNAt,True,billing_subscription_payment,billing_subscription_payment,normal,Redirect / DM,intent_coverage_billing_subscription_payment,,,,,,pending,,billing_subscription_payment,,False,False,Brand response shown for reviewer orientation only. Financial-support category requires human review before final annotation.,high,Customer message contains specific evidence matching billing_subscription_payment in the documented taxonomy.
cand_0220,pair_2095440_2095438,2095440,After been kicked out from my @SpotifyCares family plan I finally can try @1122 thanks @115888 for poor support 👌👌👌,,"@619050 Hey Juan, we're sorry to hear about that! We can help. Can you DM us your username or email address? We'll take a look backstage /JP https://t.co/ldFdZRiNAt",True,plan_management_discount,plan_management_discount,normal,Redirect / DM,intent_coverage_plan_management_discount,,,,,,pending,,plan_management_discount,other_miscellaneous,True,True,Brand response shown for reviewer orientation only.,medium,"Multiple taxonomy patterns matched (plan_management_discount, other_miscellaneous); guideline priority rules select plan_management_discount."
cand_0221,pair_2105372_2105371,2105372,"@SpotifyCares Hi, I am unable to change my emailadress for my account, it is created with facebook but it does not take the emailadress that is on the facebook page, help? The account in question is named 1140718189, got that weird username due to an earlier problem.",,@621446 Hey! Can you fire over your account's email address or username via DM? We'll take a look backstage /RC https://t.co/ldFdZRiNAt,True,account_access_credentials,account_access_credentials,normal,Redirect / DM,intent_coverage_account_access_credentials,,,,,,pending,,account_access_credentials,,False,False,Brand response shown for reviewer orientation only. Account/security category requires human review before final annotation.,high,Customer message contains specific evidence matching account_access_credentials in the documented taxonomy.
cand_0222,pair_2110201_2110200,2110201,I wish @115888 would pick up more podcasts so I won't have to use trash ass iTunes.,,@622513 Hey! We’re working hard with rights holders to get more of the best content on the service. Stay tuned /SJ,True,other_miscellaneous,,sarcasm_slang_hostile,Other / Miscellaneous,hard_case_sarcasm_slang_hostile,,,,,,pending,,other_miscellaneous,,False,False,Brand response shown for reviewer orientation only.,low,No specific support-domain evidence matched; guidelines keep this as other_miscellaneous rather than inventing a label.
cand_0223,pair_2138999_2138996,2139004,"@SpotifyCares Everytime I get out of my car and get back in yes, my playlist starts over","Customer: @115888 why does my playlist start over every time I get out of my car , then leave again? #aggrivated
Brand: @629098 Hey there! Is your Spotify still misbehaving? What device are you using? We'll help out /PX","@629098 Alright. Can you let us know the device, operating system, and Spotify version you're using? More info on your issue would also help /RH",False,playlist_library_curation,playlist_library_curation,normal,Clarification / Request for Info,multi_turn_followup,,,,,,pending,,playlist_library_curation,,False,False,Brand response shown for reviewer orientation only.,high,Customer message contains specific evidence matching playlist_library_curation in the documented taxonomy.
cand_0224,pair_2161236_2161235,2161236,@SpotifyCares Hey I signed up for student premium like 4 days ago and it still has not activated or refunded me please help!!,,@634686 Hey there! We've come to the rescue. Could you DM us your account's email address or username? We'll check behind the scenes /RE https://t.co/ldFdZRiNAt,True,plan_management_discount,plan_management_discount,normal,Redirect / DM,intent_coverage_plan_management_discount,,,,,,pending,,plan_management_discount,,False,False,Brand response shown for reviewer orientation only.,high,Customer message contains specific evidence matching plan_management_discount in the documented taxonomy.
cand_0225,pair_2175350_2175349,2175350,"I really to create a @115888 family account just to add my Mom, but they’re adamant we live at the same address? That’s kind of shitty, what gives @SpotifyCares? Are you really worried about getting ripped off by a family account with two users?",,"@637749 Hey Mike, help's here! Could you DM us your account's username or email address, as well as your mom's? We'll take a look backstage /GU https://t.co/ldFdZRiNAt",True,plan_management_discount,plan_management_discount,normal,Redirect / DM,intent_coverage_plan_management_discount,,,,,,pending,,plan_management_discount,,False,False,Brand response shown for reviewer orientation only.,high,Customer message contains specific evidence matching plan_management_discount in the documented taxonomy.
cand_0226,pair_2183184_2183183,2183184,@115888 my 2 week premium has expired and it won’t let me upgrade to premium again how can resolve this problem ?,,@639512 Hi Bob! The cavalry's here. Could you DM us your account's email address? We'll take a look backstage /AU https://t.co/ldFdZRiNAt,True,plan_management_discount,plan_management_discount,normal,Redirect / DM,intent_coverage_plan_management_discount,,,,,,pending,,plan_management_discount,,False,False,Brand response shown for reviewer orientation only.,high,Customer message contains specific evidence matching plan_management_discount in the documented taxonomy.
cand_0227,pair_2190830_2190829,2190830,"@115888 @SpotifyCares  I’m paying for spotify using paypal, but my CC got stolen and replaced. Keep getting payment request, what 2 do ???",,@641310 Hi João! Can you DM us your username and email address? We'll see what we can suggest /NH https://t.co/ldFdZRiNAt,True,billing_subscription_payment,billing_subscription_payment,normal,Redirect / DM,intent_coverage_billing_subscription_payment,,,,,,pending,,billing_subscription_payment,,False,False,Brand response shown for reviewer orientation only. Financial-support category requires human review before final annotation.,high,Customer message contains specific evidence matching billing_subscription_payment in the documented taxonomy.
cand_0228,pair_2195258_2195257,2195258,"#spotifycares @SpotifyCares 48 hours have passed, still no response! What exactly do you care about? This is a joke!",,"@454187 Apologies for not getting back to you sooner. We've replied via DM, let's keep chatting there /M https://t.co/ldFdZRiNAt",True,other_miscellaneous,,normal,Redirect / DM,intent_coverage_other_miscellaneous,,,,,,pending,,other_miscellaneous,,False,False,Brand response shown for reviewer orientation only.,low,No specific support-domain evidence matched; guidelines keep this as other_miscellaneous rather than inventing a label.
cand_0229,pair_2198134_2198133,2198134,@115888 why do @335281's podcsts like @642966 take so long to show up in my Windows desktop player? It's annoying to have to pull out my phone to play it. Is there a refresh button or something I'm missing?,,"@642965 Hey there! Does logging out, restarting your desktop, and logging back in help at all? /LO",True,unclear_insufficient_context,,normal,Troubleshooting / Actionable,intent_coverage_unclear_insufficient_context,,,,,,pending,,unclear_insufficient_context,,True,False,Brand response shown for reviewer orientation only.,low,Customer message and available context lack enough diagnostic detail; guidelines route this to unclear_insufficient_context.
cand_0230,pair_2206044_2206046,2206045,@SpotifyCares Just updated Spotify and it will play 1 song on album shuffle and then just stop playing,"Customer: Anybody else's Spotify app messing up? @115888
Brand: @645011 Hey there! What's happening exactly? Can you let us know the device, operating system, and Spotify version you're using? /MA",@645011 That's not cool. Does logging out &gt; restarting the device &gt; logging back in help? Keep us posted /KL,False,playlist_library_curation,"playback_streaming_issue,playlist_library_curation",multi_intent,Troubleshooting / Actionable,hard_case_multi_intent,playback_streaming_issue,app_technical_device,False,True,,reviewed,human_override,playlist_library_curation,playback_streaming_issue,True,True,Brand response shown for reviewer orientation only.,medium,"Multiple taxonomy patterns matched (playback_streaming_issue, playlist_library_curation); guideline priority rules select playlist_library_curation."
cand_0231,pair_2208939_2208938,2208939,I need help @115888 @SpotifyCares,,"@642764 Hey, help's here! What’s happening exactly? Can you let us know the device/OS you’re using? /SJ",True,unclear_insufficient_context,,insufficient_context,Clarification / Request for Info,hard_case_insufficient_context,,,,,,pending,,unclear_insufficient_context,,True,False,Brand response shown for reviewer orientation only. Very short message with no disambiguating context.,low,Customer message and available context lack enough diagnostic detail; guidelines route this to unclear_insufficient_context.
cand_0232,pair_2210900_2210899,2210900,IS REPUTATION NOT ON SPOTIFY,,"@646211 Hey Sam! Fingers crossed we'll be able to have it soon, but there's info about Spotify content here: https://t.co/0i8GpimuDa /DD",True,unclear_insufficient_context,,insufficient_context,Other / Miscellaneous,hard_case_insufficient_context,,,,,,pending,,unclear_insufficient_context,,True,False,Brand response shown for reviewer orientation only. Very short message with no disambiguating context.,low,Customer message and available context lack enough diagnostic detail; guidelines route this to unclear_insufficient_context.
cand_0233,pair_2225653_2225652,2225653,@115888 where’s reputation?,,"@649713 Taylor Swift's 'Reputation' isn't available to stream just yet – stay tuned! For now, check out the singles: https://t.co/3h0TnPWP0c /KM",True,unclear_insufficient_context,,insufficient_context,Other / Miscellaneous,hard_case_insufficient_context,,,,,,pending,,unclear_insufficient_context,,True,False,Brand response shown for reviewer orientation only. Very short message with no disambiguating context.,low,Customer message and available context lack enough diagnostic detail; guidelines route this to unclear_insufficient_context.
cand_0234,pair_2239699_2239698,2239699,"@115888 time to update the app for the iPhone X. Come on now, get busy wit it!",,"@653039 Hey Adrian! We don't have any info on this right now, but we'll let the right team know it's something you'd like to see /GU",True,app_technical_device,app_technical_device,normal,Other / Miscellaneous,intent_coverage_app_technical_device,,,,,,pending,,app_technical_device,,False,False,Brand response shown for reviewer orientation only.,high,Customer message contains specific evidence matching app_technical_device in the documented taxonomy.
cand_0235,pair_2239807_2239805,2239807,Wtf why is @118062 album not in @115888 yet?!? #RepuationOutNow #reputation,,"@308351 Taylor Swift's 'Reputation' isn't available to stream just yet – stay tuned! For now, check out the singles: https://t.co/3h0TnPWP0c /MX",True,unclear_insufficient_context,,sarcasm_slang_hostile,Other / Miscellaneous,hard_case_sarcasm_slang_hostile,,,,,,pending,,unclear_insufficient_context,,True,False,Brand response shown for reviewer orientation only.,low,Customer message and available context lack enough diagnostic detail; guidelines route this to unclear_insufficient_context.
cand_0236,pair_2251522_2251520,2251522,@SpotifyCares hey my account “nick_murray4” was hacked and had the email changed on me without me doing it. Can you guys check it out and see if you can get it back to me?,,@655905 Hey there! We’re sorry to hear that. Check out https://t.co/QHn3ok8y2n for what to do next /CG,True,account_access_credentials,account_access_credentials,normal,Other / Miscellaneous,intent_coverage_account_access_credentials,,,,,,pending,,account_access_credentials,,False,False,Brand response shown for reviewer orientation only. Account/security category requires human review before final annotation.,high,Customer message contains specific evidence matching account_access_credentials in the documented taxonomy.
cand_0237,pair_2259763_2259762,2259763,@SpotifyCares am i eligible for the student discount with hulu if i am applied and going to go to GRCC in less than a year?,,"@658012 Hey there! To be eligible for the student discount, you must be currently enrolled to any accredited colleges or universities /LO",True,plan_management_discount,plan_management_discount,normal,Information / Explanation,intent_coverage_plan_management_discount,,,,,,pending,,plan_management_discount,,False,False,Brand response shown for reviewer orientation only.,high,Customer message contains specific evidence matching plan_management_discount in the documented taxonomy.
cand_0238,pair_2264760_2264759,2264760,So @116380 don’t have Reputation....,,"@659247 Taylor Swift's 'Reputation' isn't available to stream just yet – stay tuned! For now, check out the singles: https://t.co/3h0TnPWP0c /LO",True,unclear_insufficient_context,,insufficient_context,Other / Miscellaneous,hard_case_insufficient_context,,,,,,pending,,unclear_insufficient_context,,True,False,Brand response shown for reviewer orientation only. Very short message with no disambiguating context.,low,Customer message and available context lack enough diagnostic detail; guidelines route this to unclear_insufficient_context.
cand_0239,pair_2275358_2275357,2275358,Since when does @115888 skip and stutter? This is what I pay premium for? I want a song to skip I'll dig out my Mum's old Wham records!,,@661796 Hey there! That's not cool. Does logging out &gt; restarting the device &gt; logging back in help? Keep us posted /CG,True,billing_subscription_payment,billing_subscription_payment,normal,Troubleshooting / Actionable,intent_coverage_billing_subscription_payment,,,,,,pending,,billing_subscription_payment,,False,False,Brand response shown for reviewer orientation only. Financial-support category requires human review before final annotation.,high,Customer message contains specific evidence matching billing_subscription_payment in the documented taxonomy.
cand_0240,pair_2284413_2284411,2284415,@SpotifyCares Thanks a bunch. 👍👍👍👍,"Customer: @115888 can you guys pls make Nigeria part of your region! Plsss we love music too!!!
Brand: @663845 Hey! We've just replied to your DM. Check your Messages 🙂 /BM",@663845 No worries! Let us know if we can help you with anything else /BM,False,content_catalog_licensing,,context_dependent_followup,Generic Acknowledgement,hard_case_context_dependent_followup,content_catalog_licensing,,False,False,,reviewed,human_override,other_miscellaneous,,False,False,Brand response shown for reviewer orientation only.,low,No specific support-domain evidence matched; guidelines keep this as other_miscellaneous rather than inventing a label.
cand_0241,pair_2286603_2286601,2286603,Please do not use #Spotify++ it is a scam and steals those who pay for Spotify’s account! @115888 @SpotifyCares,,@202769 Hey Jonathan! Could you give us a bit more info about what's going on? We'll do our best to help you out /BH,True,billing_subscription_payment,billing_subscription_payment,normal,Clarification / Request for Info,intent_coverage_billing_subscription_payment,,,,,,pending,,billing_subscription_payment,,False,False,Brand response shown for reviewer orientation only. Financial-support category requires human review before final annotation.,high,Customer message contains specific evidence matching billing_subscription_payment in the documented taxonomy.
cand_0242,pair_2289765_2289764,2289765,@SpotifyCares Please read DM👍🏼,,@665200 Hey! We've replied to your DM. We'll carry on helping out there /YM,True,unclear_insufficient_context,,insufficient_context,Other / Miscellaneous,hard_case_insufficient_context,,,,,,pending,,unclear_insufficient_context,,True,False,Brand response shown for reviewer orientation only. Very short message with no disambiguating context.,low,Customer message and available context lack enough diagnostic detail; guidelines route this to unclear_insufficient_context.
cand_0243,pair_2297927_2297928,2297925,@SpotifyCares Alrighty then 🙂,"Customer: Why isn’t So High by @90534 on @115888 🤔🤔
Brand: @667063 Hey there. We’ll have it available to you as soon as it’s available to us! https://t.co/0i8GpimuDa /TC
Customer: @SpotifyCares But you have G-Wagon and not So High woooowww
Brand: @667063 We hear you 🎧 Rest assured your feedback will be passed on to the right folks /DF","@667063 Awesome! If you ever need anything else, just shout and we'll come running 🏃 /DF",False,unclear_insufficient_context,,context_dependent_followup,Other / Miscellaneous,hard_case_context_dependent_followup,,,,,,pending,,unclear_insufficient_context,,True,False,Brand response shown for reviewer orientation only.,low,Customer message and available context lack enough diagnostic detail; guidelines route this to unclear_insufficient_context.
cand_0244,pair_2301129_2301128,2301129,"Wait
That’s like a bit far away from 
„Recently“ for me to be honest …
Maybe a newer update from you? @SpotifyCares https://t.co/erHahGcrPF",,"@153614 We understand where you're coming from. Rest assured, we'll pass your feedback onto the right team. Let us know if there's anything else /DV",True,app_technical_device,app_technical_device,normal,Other / Miscellaneous,intent_coverage_app_technical_device,,,,,,pending,,app_technical_device,,False,False,Brand response shown for reviewer orientation only.,high,Customer message contains specific evidence matching app_technical_device in the documented taxonomy.
cand_0245,pair_2305894_2305893,2305894,Why isnt my Premium for family accepting the added family members @SpotifyCares,,@668995 Hey! Help's here. Can you DM us your account's email address? We'll take a look backstage /RA https://t.co/ldFdZRiNAt,True,unclear_insufficient_context,,normal,Redirect / DM,intent_coverage_unclear_insufficient_context,,,,,,pending,,unclear_insufficient_context,,True,False,Brand response shown for reviewer orientation only.,low,Customer message and available context lack enough diagnostic detail; guidelines route this to unclear_insufficient_context.
cand_0246,pair_2309920_2309918,2309920,Y'all sleep on so many songs bruh. @115888,,"@669941 We’d love to have all of the world's music available, but we have some info about content here: https://t.co/0i8GpimuDa /SU",True,other_miscellaneous,,sarcasm_slang_hostile,Other / Miscellaneous,hard_case_sarcasm_slang_hostile,,,,,,pending,,other_miscellaneous,,False,False,Brand response shown for reviewer orientation only.,low,No specific support-domain evidence matched; guidelines keep this as other_miscellaneous rather than inventing a label.
cand_0247,pair_2312952_2312951,2312952,"I really wish @115888 increased the maximum amount of songs you can download. 3,333 is not enough",,@670748 We can see how that’d be handy. Thanks for taking the time to reach out – your feedback's been noted 📝 /DF,True,offline_downloads_issue,offline_downloads_issue,normal,Other / Miscellaneous,intent_coverage_offline_downloads_issue,,,,,,pending,,offline_downloads_issue,,False,False,Brand response shown for reviewer orientation only.,high,Customer message contains specific evidence matching offline_downloads_issue in the documented taxonomy.
cand_0248,pair_2313470_2313469,2313470,just discovered that your daily mixes repeat if you listen for more than like... 40 minutes. fix it @115888 @SpotifyCares,,"@670859 Hey, thanks for the feedback. The amount of mixes you’re served up depends on the amount and diversity of your listening history /NQ",True,playlist_library_curation,playlist_library_curation,normal,Other / Miscellaneous,intent_coverage_playlist_library_curation,,,,,,pending,,playlist_library_curation,,False,False,Brand response shown for reviewer orientation only.,high,Customer message contains specific evidence matching playlist_library_curation in the documented taxonomy.
cand_0249,pair_2322110_2322109,2322110,Sorry @115888 it was time for us to part ways...,,"@672884 Hey! We didn't do something wrong, did we? https://t.co/SNXVal9vTi Could you DM us your account's email address? /JL",True,other_miscellaneous,,normal,Redirect / DM,intent_coverage_other_miscellaneous,,,,,,pending,,other_miscellaneous,,False,False,Brand response shown for reviewer orientation only.,low,No specific support-domain evidence matched; guidelines keep this as other_miscellaneous rather than inventing a label.
cand_0250,pair_2336812_2336811,2336812,"@SpotifyCares Please add the ""explicit"" tag to the following song spotify:track:021txSheRym293iUdf6vPZ at 50 seconds in is the F word",,"@576786 Hey, we hear you! To help make it happen, we’d recommend showing your support for the idea here: https://t.co/CdI1SXS9B4 /RB",True,other_miscellaneous,,normal,Other / Miscellaneous,intent_coverage_other_miscellaneous,,,,,,pending,,other_miscellaneous,,False,False,Brand response shown for reviewer orientation only.,low,No specific support-domain evidence matched; guidelines keep this as other_miscellaneous rather than inventing a label.
cand_0251,pair_2338879_2338878,2338879,"@115888 on two separate occasions, after an upgrade the songs I had marked as download reverted to none download. Bummer when on the train.",,"@676584 Hey, help's here! Can you DM us your account's email address? We'll check backstage /GK https://t.co/ldFdZRiNAt",True,offline_downloads_issue,offline_downloads_issue,normal,Redirect / DM,intent_coverage_offline_downloads_issue,,,,,,pending,,offline_downloads_issue,,False,False,Brand response shown for reviewer orientation only.,high,Customer message contains specific evidence matching offline_downloads_issue in the documented taxonomy.
cand_0252,pair_2338881_2338880,2338881,"@SpotifyCares I can't listen to specific artists on spotify, it shows them but music won't play",,@257354 Hi! We've just sent you a bit more info over DM. We'll carry on helping out there /AR,True,playback_streaming_issue,playback_streaming_issue,normal,Other / Miscellaneous,intent_coverage_playback_streaming_issue,,,,,,pending,,playback_streaming_issue,,False,False,Brand response shown for reviewer orientation only.,high,Customer message contains specific evidence matching playback_streaming_issue in the documented taxonomy.
cand_0253,pair_2349662_2349661,2349662,"@SpotifyCares 
I am signed up for concert info for the @62471 but I have not received the email with the password for the presale! Please help!!!",,@679166 Hey there! We've just sent you a DM 🙂 /DF,True,account_access_credentials,account_access_credentials,normal,Other / Miscellaneous,intent_coverage_account_access_credentials,,,,,,pending,,account_access_credentials,,False,False,Brand response shown for reviewer orientation only. Account/security category requires human review before final annotation.,high,Customer message contains specific evidence matching account_access_credentials in the documented taxonomy.
cand_0254,pair_2353936_2353935,2353938,@SpotifyCares Thank you!,"Customer: @SpotifyCares I just purchased the student discount but already had premium. Will it automatically update? Or will i charged twice?
Brand: @680151 Hey Sean! Don't worry, you won't be charged twice, the new rate will start automatically on your next renewal date 🙂 /KL","@680151 You're welcome! If you ever need anything else, just shout and we'll come running 🏃 /KL",False,billing_subscription_payment,,context_dependent_followup,Generic Acknowledgement,multi_turn_followup,billing_subscription_payment,,False,False,,reviewed,human_override,other_miscellaneous,,False,False,Brand response shown for reviewer orientation only.,low,No specific support-domain evidence matched; guidelines keep this as other_miscellaneous rather than inventing a label.
cand_0255,pair_2368004_2368002,2368006,"@115888 like Liz calloway has the OG hits on her album so nbd, but where's Rasputin's THEME SONG that good shit isn't even in the musical !!!!!!! He's the villain um",Customer: I am HERE for the Anastasia musical soundtrack BUT @115888 how dare you delete the music from the aminated 1997 version !!! That's what I grew up on !!! I'm pissed yo (still boppin to these tunes tho),"@683433 Hey there, we hear you! Sometimes content gets temporarily removed because of licensing changes. Hopefully we'll have it available again soon /TB",False,other_miscellaneous,,normal,Information / Explanation,multi_turn_followup,,,,,,pending,,other_miscellaneous,,False,False,Brand response shown for reviewer orientation only.,low,No specific support-domain evidence matched; guidelines keep this as other_miscellaneous rather than inventing a label.
cand_0256,pair_2391980_2391978,2391980,@115888 another update today and still not optimized for iPhone X. Your app is making my eyes burn with those horrible black bars!!!,,"@688879 Hi Michael, we understand - we’re working on it as we speak. Stay tuned /AC",True,app_technical_device,app_technical_device,normal,Other / Miscellaneous,intent_coverage_app_technical_device,,,,,,pending,,app_technical_device,,False,False,Brand response shown for reviewer orientation only.,high,Customer message contains specific evidence matching app_technical_device in the documented taxonomy.
cand_0257,pair_2404028_2404027,2404028,"Ok @115888, I am getting really tired of the grayed out songs that I used to be able to play and now for whatever reason, I can't! This is becoming a serious pain point for users like me, and there are plenty of competitors. Just saying.",,"@691523 Hi Fina, help's here. Can you let us know the device, operating system, and Spotify version you're using? We'll see what we can suggest /NY",True,content_catalog_licensing,content_catalog_licensing,normal,Clarification / Request for Info,intent_coverage_content_catalog_licensing,,,,,,pending,,content_catalog_licensing,,False,False,Brand response shown for reviewer orientation only.,high,Customer message contains specific evidence matching content_catalog_licensing in the documented taxonomy.
cand_0258,pair_2408808_2408807,2408808,"Okay why does my music pause every time I get a notification @115888 @917 @123765 @115858 

I need answers",,"@692631 Hi there! Can you let us know the device, operating system, and Spotify version you're rocking? We'll see what we can suggest /JM",True,playback_streaming_issue,"playback_streaming_issue,playlist_library_curation",multi_intent,Clarification / Request for Info,hard_case_multi_intent,,,,,,pending,,playback_streaming_issue,playlist_library_curation,True,True,Brand response shown for reviewer orientation only.,medium,"Multiple taxonomy patterns matched (playback_streaming_issue, playlist_library_curation); guideline priority rules select playback_streaming_issue."
cand_0259,pair_2409470_2409469,2409470,@SpotifyCares yo can y’all help me with this family plan? Every time I try to add a member it won’t let me redeem them https://t.co/5c6se7FoM0,,"@692807 Hey, help's arrived! Could you send us a DM with your account's email address or username? We'll take a look backstage /CH https://t.co/ldFdZRiNAt",True,plan_management_discount,plan_management_discount,normal,Redirect / DM,intent_coverage_plan_management_discount,,,,,,pending,,plan_management_discount,,False,False,Brand response shown for reviewer orientation only.,high,Customer message contains specific evidence matching plan_management_discount in the documented taxonomy.
cand_0260,pair_2410586_2410585,2410586,"@SpotifyCares hello, I've been told to contact you by @118101 to request a refund as I'm being billed twice by Spotify. I told EE when my first bill was produced to remove the charge but they haven't. Can I have a refund for the 13 months I've been paying via my phone bill please?",,@693068 Hey! Can you DM us your account's email address? We'll see what we can suggest /CB https://t.co/ldFdZRiNAt,True,billing_subscription_payment,billing_subscription_payment,normal,Redirect / DM,intent_coverage_billing_subscription_payment,,,,,,pending,,billing_subscription_payment,,False,False,Brand response shown for reviewer orientation only. Financial-support category requires human review before final annotation.,high,Customer message contains specific evidence matching billing_subscription_payment in the documented taxonomy.
cand_0261,pair_2412640_2412638,2412640,@115888 do you want to explain why itty biggy piggy is no where to be found? @498224,,@693581 Hey there! What country is your Spotify account set to? We'll check behind the scenes /MC,True,unclear_insufficient_context,,normal,Clarification / Request for Info,intent_coverage_unclear_insufficient_context,,,,,,pending,,unclear_insufficient_context,,True,False,Brand response shown for reviewer orientation only.,low,Customer message and available context lack enough diagnostic detail; guidelines route this to unclear_insufficient_context.
cand_0262,pair_2414568_2414569,2414564,@SpotifyCares  https://t.co/JtuaQ3A7dg,"Customer: @115888 here we are again. All my downloaded music gone. What makes it even better its my first day of holiday in Tenerife with no music.....well played spotify
Brand: @570961 Hi again! Did the steps previously provided work? Also, did this happen while you're online streaming or were you listening offline? /PK
Customer: @SpotifyCares Downloaded last night. Went to listen on the plane and all gone
Brand: @570961 We're sorry to hear about that. Can you check if your phone has any cache-clearing apps? /DV
Customer: @SpotifyCares None what so ever. Currently using a samsung galaxy s7
Brand: @570961 Can you DM us the current version of your Spotify app? We'll check a few things backstage /KT https://t.co/ldFdZRiNAt",@570961 Got it. Can you send us a DM to confirm if all your songs are saved in your SD card or internal storage? We'll see what we can do /HR https://t.co/ldFdZRiNAt,False,offline_downloads_issue,,context_dependent_followup,Redirect / DM,hard_case_context_dependent_followup,,,,,,pending,,offline_downloads_issue,,False,False,Context used because the customer message alone was underspecified. Brand response shown for reviewer orientation only.,medium,"Customer follow-up is underspecified, but preceding context matches offline_downloads_issue."
cand_0263,pair_2439894_2439892,2439894,"@SpotifyCares Are there any known issues with Spotify running on High Sierra? Whenever I play music, my whole Macbook goes really slow, scrolling is juddery and keyboard cannot keep up with typing. Stops when I stop playing music, even with app still open?",,"@699798 Hi Shane. Don't worry, we'll look into this. Can you tell us what's the exact app version you're using? We'll see what we can suggest /JU",True,playback_streaming_issue,playback_streaming_issue,normal,Clarification / Request for Info,intent_coverage_playback_streaming_issue,,,,,,pending,,playback_streaming_issue,,False,False,Brand response shown for reviewer orientation only.,high,Customer message contains specific evidence matching playback_streaming_issue in the documented taxonomy.
cand_0264,pair_2466901_2466900,2466901,I wish we had Spotify in our country so I could stream with the rest of ARMY☹️,,"@150783 We hear you! We don't have any info on this right now, but we'll be sure to announce any news at https://t.co/8zO4WCXX7C as well /TB",True,content_catalog_licensing,content_catalog_licensing,normal,Other / Miscellaneous,intent_coverage_content_catalog_licensing,,,,,,pending,,content_catalog_licensing,,False,False,Brand response shown for reviewer orientation only.,high,Customer message contains specific evidence matching content_catalog_licensing in the documented taxonomy.
cand_0265,pair_2473653_2473652,2473653,"@SpotifyCares I’m trying to renew my premium subscription through Vodafone, can’t log in with email, Spotify username, or through Facebook?",,@707280 Hey! Can you DM us your account's email address? We'll see what we can suggest /CB https://t.co/ldFdZRiNAt,True,account_access_credentials,account_access_credentials,normal,Redirect / DM,intent_coverage_account_access_credentials,,,,,,pending,,account_access_credentials,,False,False,Brand response shown for reviewer orientation only. Account/security category requires human review before final annotation.,high,Customer message contains specific evidence matching account_access_credentials in the documented taxonomy.
cand_0266,pair_2482210_2482209,2482210,"@SpotifyCares I'm having trouble adding a family member to my Family Plan, the link goes to an ""Something's wrong, try again"" error, help me",,@709206 Hey Giovanni! Help's here. Can you DM us your account's email address? We'll take a look backstage /RA https://t.co/ldFdZRiNAt,True,plan_management_discount,plan_management_discount,normal,Redirect / DM,intent_coverage_plan_management_discount,,,,,,pending,,plan_management_discount,,False,False,Brand response shown for reviewer orientation only.,high,Customer message contains specific evidence matching plan_management_discount in the documented taxonomy.
cand_0267,pair_2483538_2483540,2483539,"@SpotifyCares laptop, windows","Customer: @115888 wyd suddenly playing music from banners when im trying to listen to concentration music and im hearing idris elba talk about Sky
Brand: @709531 Hey! Can you let us know which device and operating system you're using? We'll see what we can suggest /NQ",@709531 Got it. Which Spotify version are you running? Does the same thing happen when you're using a different device? /MA,False,playback_streaming_issue,,context_dependent_followup,Clarification / Request for Info,hard_case_context_dependent_followup,,,,,,pending,,playback_streaming_issue,,False,False,Context used because the customer message alone was underspecified. Brand response shown for reviewer orientation only.,medium,"Customer follow-up is underspecified, but preceding context matches playback_streaming_issue."
cand_0268,pair_2484420_2484418,2484420,"@151631 Hi,  Could you please help me to create an account so that I can access https://t.co/3Wp4A39X22?

Currently, the signup page is showing me 404s and heartbreaks! https://t.co/s6Ldjna52Y",,"@709749 Hey Roopesh! We've spotted your DM, we'll reply there with some more info /J",True,unclear_insufficient_context,,normal,Other / Miscellaneous,intent_coverage_unclear_insufficient_context,,,,,,pending,,unclear_insufficient_context,,True,False,Brand response shown for reviewer orientation only.,low,Customer message and available context lack enough diagnostic detail; guidelines route this to unclear_insufficient_context.
cand_0269,pair_2517250_2517253,2517255,@SpotifyCares Gooood lookin,"Customer: @115888 can yall do me a big favor
Brand: @717059 Hey there! What can we do for you today? 🙂 /KT
Customer: @SpotifyCares Brooooo im real life struggling and I need the spotify premium b
Brand: @717059 Don't worry. If you haven't had Premium yet, you can get a free trial at https://t.co/WB5TSxRfDe 🙂 /KT","@717059 Cool! If you ever need us again, just... https://t.co/AUc7DGJpgF 💚 /KT",False,unclear_insufficient_context,,context_dependent_followup,Other / Miscellaneous,hard_case_context_dependent_followup,plan_management_discount,,False,False,,reviewed,human_override,unclear_insufficient_context,,True,False,Brand response shown for reviewer orientation only.,low,Customer message and available context lack enough diagnostic detail; guidelines route this to unclear_insufficient_context.
cand_0270,pair_2518433_2518435,2518434,"@SpotifyCares Yeah, it's hafellfox.","Customer: @115888 is there a way to change my payment details from the mobile app? Your FAQ directs me to the desktop version.
Brand: @717377 Hey! We're afraid you're unable to change your payment info using the app. Can you DM us your account's username or email address? We'll take a look under the hood /JS https://t.co/ldFdZRiNAt",@717377 Thanks! We'd like to share something to you in private. Could you send us a DM using the link we gave earlier? /JS,False,account_access_credentials,,context_dependent_followup,Redirect / DM,hard_case_context_dependent_followup,,,,,,pending,,account_access_credentials,billing_subscription_payment,False,True,Context used because the customer message alone was underspecified. Brand response shown for reviewer orientation only. Account/security category requires human review before final annotation.,medium,"Multiple taxonomy patterns matched (account_access_credentials, billing_subscription_payment); guideline priority rules select account_access_credentials."
cand_0271,pair_2527167_2527166,2527167,@115888 when are you planning to update your app to support the iPhone 10 display..?? So irritating 😒😒,,"@120052 Hey Ricky! We don't have any more info to share right now, but we’re working on it as we speak. Stay tuned /KB",True,app_technical_device,app_technical_device,normal,Other / Miscellaneous,intent_coverage_app_technical_device,,,,,,pending,,app_technical_device,,False,False,Brand response shown for reviewer orientation only.,high,Customer message contains specific evidence matching app_technical_device in the documented taxonomy.
cand_0272,pair_2545844_2545845,2545846,"@SpotifyCares This is a screenshot after I selected ""go to album"" should show all songs and it's actually missing 2 HYFR is supposed to go after look what you've done and another song the ride is supposed to go after practice https://t.co/TrlmpTyodm","Customer: @SpotifyCares why is HYFR (Hell Yeah Fucking Right) not showing up on Take Care a day after the 6 year anniversary of Take Care? Saved entire album and it's not there even pressed ""go to album"" and it's not there...
Customer: @SpotifyCares @SpotifyCares actually entire take care album is messed up and it's missing a song. I try to play a song and it just bounces around the album and plays a random song. I checked other albums and artists and take care is the only one that's doing this...
Brand: @723613 Hey Benji. Can you send us a link to the album? Just tap the three dots &gt; Copy Link. We'll take a look backstage /LM
Customer: @SpotifyCares https://t.co/8PU6eE3RDO
Brand: @723613 Thanks for the info. Sometimes content becomes unavailable due to licensing. More info at https://t.co/YlV1IAXwsi. We hope this clears things up. Let us know if you have any other questions /LM
Customer: @SpotifyCares Like I would select the song right before HYFR and then in the bottom it would say HYFR is loading up and then it seemed like the album crashed the app would stay open but the bar at the bottom to show what music you have on would glitch out and disappear only with this album
Brand: @723613 Can you send us a screenshot of the album as it shows on your app? /LM",@723613 Hmm. Can you DM us your account's email address? We'll take a closer look /LM https://t.co/ldFdZRiNAt,False,playback_streaming_issue,,normal,Redirect / DM,multi_turn_followup,,,,,,pending,,playback_streaming_issue,"content_catalog_licensing,other_miscellaneous",True,True,Context used because the customer message alone was underspecified. Brand response shown for reviewer orientation only.,medium,"Multiple taxonomy patterns matched (playback_streaming_issue, content_catalog_licensing, other_miscellaneous); guideline priority rules select playback_streaming_issue."
cand_0273,pair_2549174_2549173,2549174,https://t.co/dtqkjEe0yY @SpotifyCares ? Really? @115888 @116130 @117168 @125633,,@724311 Hey Mari! Can you give us a little more info on what the issue is? We'll see what we can suggest /K,True,other_miscellaneous,,noisy_or_attachment_only,Clarification / Request for Info,hard_case_noisy_or_attachment_only,,,,,,pending,,other_miscellaneous,,False,False,Brand response shown for reviewer orientation only.,low,No specific support-domain evidence matched; guidelines keep this as other_miscellaneous rather than inventing a label.
cand_0274,pair_2549589_2549591,2549592,@SpotifyCares Cheers,"Customer: Spotify ""Discover Weekly"" algorithm seems on point this week ... 
https://t.co/D7JGN77oUl
Customer: Please fix your @13281 integration on @117014 4 though ok please @SpotifyCares  cheers.
Brand: @724403 Hey, we hear you! Rest assured, your feedback has been noted and passed onto the team 👊🏼 /AY","@724403 No worries! If you ever need anything else, just shout and we'll come running 🏃 /DF",False,playlist_library_curation,,context_dependent_followup,Generic Acknowledgement,hard_case_context_dependent_followup,,,,,,pending,,playlist_library_curation,,False,False,Context used because the customer message alone was underspecified. Brand response shown for reviewer orientation only.,medium,"Customer follow-up is underspecified, but preceding context matches playlist_library_curation."
cand_0275,pair_2560538_2560537,2560538,"WHY THE FUCK IS 'TAKE CARE' NOT ON SPOTIFY ANYMORE 
@115888",,@726762 Hey! Sometimes content gets temporarily removed because of licensing changes. Hopefully we'll have it available again soon! /DF,True,unclear_insufficient_context,,sarcasm_slang_hostile,Information / Explanation,hard_case_sarcasm_slang_hostile,,,,,,pending,,unclear_insufficient_context,,True,False,Brand response shown for reviewer orientation only.,low,Customer message and available context lack enough diagnostic detail; guidelines route this to unclear_insufficient_context.
cand_0276,pair_2560555_2560553,2560555,@115888 WHY DID YOU REMOVE “Take Care” album 💔❌🚫,,@726767 Hey! Sometimes content gets temporarily removed because of licensing changes. Hopefully we'll have it available again soon! /DF,True,content_catalog_licensing,content_catalog_licensing,normal,Information / Explanation,intent_coverage_content_catalog_licensing,,,,,,pending,,content_catalog_licensing,,False,False,Brand response shown for reviewer orientation only.,high,Customer message contains specific evidence matching content_catalog_licensing in the documented taxonomy.
cand_0277,pair_2564276_2564275,2564276,I haven't had a Twitter in years and I made this one specifically to get your attention @7997 @SpotifyCares @115888 PLEASE CONSIDER ME FOR YOUR HR TRAINEE PROGRAM!!! I will tweet at you every day if I have to!! I want this opportunity SO badly! What do I have to do?! https://t.co/oeO1JQbk6J,,"@727608 Hi Ellyn. For more information, we'd recommend checking out: https://t.co/81lRGEkMyg. Good luck! /WW",True,other_miscellaneous,,normal,Other / Miscellaneous,intent_coverage_other_miscellaneous,,,,,,pending,,other_miscellaneous,,False,False,Brand response shown for reviewer orientation only.,low,No specific support-domain evidence matched; guidelines keep this as other_miscellaneous rather than inventing a label.
cand_0278,pair_2572268_2572267,2572268,@115888 how do I find out what user name/password are linked to a phone number?,,@729410 Hi Toni-Marie! Are you having trouble accessing your account? Let us know what's going on and we'll do our best to help /WW,True,account_access_credentials,account_access_credentials,normal,Clarification / Request for Info,intent_coverage_account_access_credentials,,,,,,pending,,account_access_credentials,,False,False,Brand response shown for reviewer orientation only. Account/security category requires human review before final annotation.,high,Customer message contains specific evidence matching account_access_credentials in the documented taxonomy.
cand_0279,pair_2578868_2578867,2578868,@SpotifyCares  I can't listen to music on my HiFi as u have removed the okyo support why?? I'm paying for nothing!!,,"@731109 Hey there, we hear you! Could you let us know the make/model of your Onkyo device? We'll see if we can lend a hand /TB",True,content_catalog_licensing,content_catalog_licensing,normal,Clarification / Request for Info,intent_coverage_content_catalog_licensing,,,,,,pending,,content_catalog_licensing,,False,False,Brand response shown for reviewer orientation only.,high,Customer message contains specific evidence matching content_catalog_licensing in the documented taxonomy.
cand_0280,pair_2580743_2580742,2580743,ugh everytime i get a snapchat notification it stops my spotify music its so annoying,,"@731469 Hey Torin! Can you let us know your device, operating system, and Spotify version? We'll see what we can suggest /AP",True,playback_streaming_issue,playback_streaming_issue,normal,Clarification / Request for Info,intent_coverage_playback_streaming_issue,,,,,,pending,,playback_streaming_issue,,False,False,Brand response shown for reviewer orientation only.,high,Customer message contains specific evidence matching playback_streaming_issue in the documented taxonomy.
cand_0281,pair_2591023_2591022,2591023,"@SpotifyCares I cant download ANY song, whats going on?",,"@733855 Hey there! What device, operating system, and Spotify version are your using? Are you getting any specific error messages while downloading tracks for offline use? We'll see what we can suggest /CE",True,offline_downloads_issue,offline_downloads_issue,normal,Clarification / Request for Info,intent_coverage_offline_downloads_issue,,,,,,pending,,offline_downloads_issue,,False,False,Brand response shown for reviewer orientation only.,high,Customer message contains specific evidence matching offline_downloads_issue in the documented taxonomy.
cand_0282,pair_2596636_2596635,2596638,@SpotifyCares Thanks. I appreciate the reply.,"Customer: When are we getting podcast stats @115888?
Brand: @735201 Hey there! We're afraid we don't have any info on this, but we'll pass your feedback on to the relevant folks /GS","@735201 No worries. If you have other questions, or if you need help with anything else, just give us a shout. https://t.co/m4HWSbgHVZ /GS",False,unclear_insufficient_context,,context_dependent_followup,Generic Acknowledgement,hard_case_context_dependent_followup,,,,,,pending,,other_miscellaneous,,False,False,Brand response shown for reviewer orientation only.,low,No specific support-domain evidence matched; guidelines keep this as other_miscellaneous rather than inventing a label.
cand_0283,pair_2598645_2598644,2598645,@115888 y’all ever gonna make an update to adapt to the iPhone X or am I just gonna have to give in to Apple Music????,,@735713 Hey! We understand - we’re working on it as we speak. Stay tuned /RB,True,app_technical_device,app_technical_device,normal,Other / Miscellaneous,intent_coverage_app_technical_device,,,,,,pending,,app_technical_device,,False,False,Brand response shown for reviewer orientation only.,high,Customer message contains specific evidence matching app_technical_device in the documented taxonomy.
cand_0284,pair_2605043_2605042,2605043,@115888 @15672 where is the album! we need the damn album! #PerfectVelvet !,,"@737076 Hopefully we'll be able to have it soon, but there's info about Spotify content here: https://t.co/0i8GpimuDa /KM",True,content_catalog_licensing,content_catalog_licensing,normal,Other / Miscellaneous,intent_coverage_content_catalog_licensing,,,,,,pending,,content_catalog_licensing,,False,False,Brand response shown for reviewer orientation only.,high,Customer message contains specific evidence matching content_catalog_licensing in the documented taxonomy.
cand_0285,pair_2607216_2607215,2607216,Why isnt @51716 Killa Season on @115888 ?,,"@737548 Hey! We’d love to have all of his stuff available, but we have some info about content here: https://t.co/0i8GpimuDa /CP",True,unclear_insufficient_context,,normal,Other / Miscellaneous,intent_coverage_unclear_insufficient_context,,,,,,pending,,unclear_insufficient_context,,True,False,Brand response shown for reviewer orientation only.,low,Customer message and available context lack enough diagnostic detail; guidelines route this to unclear_insufficient_context.
cand_0286,pair_2609463_2609461,2609463,"Excuse me @115888, why is my desktop version not also Premium? I pay for Premium, so I expect Premium across all platforms - not just mobile. What can you do please?",,"@738046 Hey, help's here! Can you DM us your account's email address? We'll take a look backstage /JN https://t.co/ldFdZRiNAt",True,billing_subscription_payment,billing_subscription_payment,normal,Redirect / DM,intent_coverage_billing_subscription_payment,,,,,,pending,,billing_subscription_payment,,False,False,Brand response shown for reviewer orientation only. Financial-support category requires human review before final annotation.,high,Customer message contains specific evidence matching billing_subscription_payment in the documented taxonomy.
cand_0287,pair_2616807_2616806,2616807,"@SpotifyCares app says my email is taken when I try to log in, when i try to log in with my email it says I'm using facebook credentials. No way to reset my password or delete my account to just make a new one without using facebook. Help?",,"@739616 Hey Caleb, help's here! Can you DM us your account's email address? We'll take a look under the hood /MV https://t.co/ldFdZRiNAt",True,account_access_credentials,account_access_credentials,normal,Redirect / DM,intent_coverage_account_access_credentials,,,,,,pending,,account_access_credentials,,False,False,Brand response shown for reviewer orientation only. Account/security category requires human review before final annotation.,high,Customer message contains specific evidence matching account_access_credentials in the documented taxonomy.
cand_0288,pair_2618535_2618534,2618535,TANGINA TALAGA NAKALIMUTAN KO PASSWORD AT EMAIL NG SPOTIFY Q PUCHA!!! ALAWS TULOY AKO NGAYON PREMIUM :((((,,"@739997 Hey, help's here! We don't have Filipino support, so we hope you don't mind us replying in English. Can you DM us any email addresses that you think you might've used? /CX https://t.co/ldFdZRiNAt",True,account_access_credentials,account_access_credentials,normal,Redirect / DM,intent_coverage_account_access_credentials,,,,,,pending,,account_access_credentials,,False,False,Brand response shown for reviewer orientation only. Account/security category requires human review before final annotation.,high,Customer message contains specific evidence matching account_access_credentials in the documented taxonomy.
cand_0289,pair_2623625_2623624,2623625,@SpotifyCares my downloaded albums get deleted at least once a month. Seems to correlate to your updates. When is that going to stop?,,@741180 Hey Geoffrey. Sorry to hear that. Check out the steps under “Downloads unexpectedly removed” at https://t.co/38J7tFlIBF. Hope this helps /QI,True,offline_downloads_issue,offline_downloads_issue,normal,Other / Miscellaneous,intent_coverage_offline_downloads_issue,,,,,,pending,,offline_downloads_issue,,False,False,Brand response shown for reviewer orientation only.,high,Customer message contains specific evidence matching offline_downloads_issue in the documented taxonomy.
cand_0290,pair_2626481_2626485,2626482,@SpotifyCares Perfect! Thanks anyway guys ❤️,"Customer: @SpotifyCares Hi, i’m on xbox one and my app tells me my song is playing, i can see the bar moving but there’s no sound?
Brand: @741855 Hey there! Can you try a hard restart of the console (hold the power button for 10 seconds)? Does that make a difference? /AR","@741855 You're welcome! If you ever need us again, just give us a... https://t.co/AUc7DGJpgF 🙂 /AR",False,playback_streaming_issue,,context_dependent_followup,Generic Acknowledgement,hard_case_context_dependent_followup,,,,,,pending,,other_miscellaneous,,False,False,Brand response shown for reviewer orientation only.,low,No specific support-domain evidence matched; guidelines keep this as other_miscellaneous rather than inventing a label.
cand_0291,pair_2639846_2639845,2639846,"@SpotifyCares Hi, I have a problem with my account family. I subscrive my housband but he can't try to connet to my account. when he try to connect and he fill the position it's show an error.his account is __email__ and my is __email__, why?",,"@744994 Hey Veronica, help's here! We'd suggest deleting your previous tweet as it contains private info. Could you DM it to us instead? We'll look out for your reply /GU https://t.co/ldFdZRiNAt",True,unclear_insufficient_context,,normal,Redirect / DM,intent_coverage_unclear_insufficient_context,,,,,,pending,,unclear_insufficient_context,,True,False,Brand response shown for reviewer orientation only.,low,Customer message and available context lack enough diagnostic detail; guidelines route this to unclear_insufficient_context.
cand_0292,pair_2707028_2707026,2707028,@115888 Will you please make a playlist for me? I literally don't care what songs are on it.,,"@760235 Hi there. We'd love to create a playlist for you, but we need to have an idea what music you're into. You can also check our featured playlists by going to Browse on the app /JU",True,playlist_library_curation,playlist_library_curation,normal,Other / Miscellaneous,intent_coverage_playlist_library_curation,,,,,,pending,,playlist_library_curation,,False,False,Brand response shown for reviewer orientation only.,high,Customer message contains specific evidence matching playlist_library_curation in the documented taxonomy.
cand_0293,pair_2729361_2729360,2729361,@SpotifyCares whats the best way to report incorrect information/artists on spotify? @/DM you or something else??,,"@407994 Hey there, you've reached the right place! Could you DM us the URI of the artist that has the incorrect information, along with a quick description of what's happening exactly? We'll check backstage /GK",True,other_miscellaneous,,normal,Redirect / DM,intent_coverage_other_miscellaneous,,,,,,pending,,other_miscellaneous,,False,False,Brand response shown for reviewer orientation only.,low,No specific support-domain evidence matched; guidelines keep this as other_miscellaneous rather than inventing a label.
cand_0294,pair_2736558_2736556,2736558,"@SpotifyCares Using spotify on my pixelbook, the pause/play button doesnt work when the app is in the background. Is this a Spotify app problem?",,"@766865 Hi Joe, help's here! Does logging out &gt; restarting the device &gt; logging back in help? Keep us in the loop /AV",True,playback_streaming_issue,playback_streaming_issue,normal,Troubleshooting / Actionable,intent_coverage_playback_streaming_issue,,,,,,pending,,playback_streaming_issue,,False,False,Brand response shown for reviewer orientation only.,high,Customer message contains specific evidence matching playback_streaming_issue in the documented taxonomy.
cand_0295,pair_2740910_2740909,2740910,"@SpotifyCares I updated my student account subscription a day late, now my hulu is broken. Help?",,@767836 Hey there! Could you DM us your account's username or email address? We'll take a look under the hood /GU https://t.co/ldFdZRiNAt,True,plan_management_discount,plan_management_discount,normal,Redirect / DM,intent_coverage_plan_management_discount,,,,,,pending,,plan_management_discount,,False,False,Brand response shown for reviewer orientation only.,high,Customer message contains specific evidence matching plan_management_discount in the documented taxonomy.
cand_0296,pair_2748511_2748510,2748511,@115888 please review the algorithm responsible for adding Michael Cera to my Discover Weekly playlist,,"@769575 Hey Justin! Discover Weekly is based on what you, and others like you, are listening to. Hopefully it’s more in tune with your tastes next week /AR",True,playlist_library_curation,playlist_library_curation,normal,Other / Miscellaneous,intent_coverage_playlist_library_curation,,,,,,pending,,playlist_library_curation,,False,False,Brand response shown for reviewer orientation only.,high,Customer message contains specific evidence matching playlist_library_curation in the documented taxonomy.
cand_0297,pair_2749494_2749493,2749494,@SpotifyCares,,@769814 Hi there! We've just sent a DM your way. Let's carry on chatting there /FR,True,unclear_insufficient_context,,insufficient_context,Other / Miscellaneous,hard_case_insufficient_context,,,,,,pending,,unclear_insufficient_context,,True,False,Brand response shown for reviewer orientation only. Very short message with no disambiguating context.,low,Customer message and available context lack enough diagnostic detail; guidelines route this to unclear_insufficient_context.
cand_0298,pair_2757611_2757610,2756248,@SpotifyCares Thank you!!,"Customer: Why does @115888 have to show me this everytime I️ launch the app even though I️ already have premium... https://t.co/4sZbN12deU
Brand: @771411 Awesome! We've closed your Free account so you're all set. Let us know if you need anything else /JQ",@771411 Anytime! Let us know if you ever need us again. We'd be... https://t.co/LgAM6ky9Vv /JQ,False,unclear_insufficient_context,,context_dependent_followup,Generic Acknowledgement,hard_case_context_dependent_followup,app_technical_device,,False,False,,reviewed,human_override,other_miscellaneous,,False,False,Brand response shown for reviewer orientation only.,low,No specific support-domain evidence matched; guidelines keep this as other_miscellaneous rather than inventing a label.
cand_0299,pair_2769870_2769869,2769870,"@SpotifyCares can you guys help me i have dm you about payment 
pleas help me asap :)",,@356128 Hi! We've just sent a DM your way. Let's carry on chatting there /GK,True,billing_subscription_payment,billing_subscription_payment,normal,Other / Miscellaneous,intent_coverage_billing_subscription_payment,,,,,,pending,,billing_subscription_payment,,False,False,Brand response shown for reviewer orientation only. Financial-support category requires human review before final annotation.,high,Customer message contains specific evidence matching billing_subscription_payment in the documented taxonomy.
cand_0300,pair_2786611_2786610,2786611,@SpotifyCares I have a Spotify premium family account and the account only lets one person listen at a time? There are 3 of us and only one of us can listen at any one time,,@777978 Hey Joe! Can you DM us your account's email address and username? We'll take a look backstage /AL https://t.co/ldFdZRiNAt,True,plan_management_discount,plan_management_discount,normal,Redirect / DM,intent_coverage_plan_management_discount,,,,,,pending,,plan_management_discount,,False,False,Brand response shown for reviewer orientation only.,high,Customer message contains specific evidence matching plan_management_discount in the documented taxonomy.
cand_0301,pair_2794551_2794550,2794551,@SpotifyCares account won’t log in. Can’t access emails and change password. Please help,,"@779857 Hey there! We just sent you a reply to your DM, we'll continue assisting you there /TF",True,account_access_credentials,account_access_credentials,normal,Other / Miscellaneous,intent_coverage_account_access_credentials,,,,,,pending,,account_access_credentials,,False,False,Brand response shown for reviewer orientation only. Account/security category requires human review before final annotation.,high,Customer message contains specific evidence matching account_access_credentials in the documented taxonomy.
cand_0302,pair_2807576_2807574,2807576,@SpotifyCares any news on when I can use Spotify on my Apple Watch?,,"@705687 Hey there! We don’t have any new info about this, but we’ll remind the team it’s a popular request /NQ",True,app_technical_device,app_technical_device,normal,Other / Miscellaneous,intent_coverage_app_technical_device,,,,,,pending,,app_technical_device,,False,False,Brand response shown for reviewer orientation only.,high,Customer message contains specific evidence matching app_technical_device in the documented taxonomy.
cand_0303,pair_2810362_2810361,2810362,@SpotifyCares I tried to subscribe your offer (€ 9.99/3 months). but your service show me that I subscribed in the past another offer. I denied to subscribe regular service but I received a message From Bank as confirm payment.,,@783743 Hi there! Can you DM us your account's email address or username? We'll take a look backstage /NQ https://t.co/ldFdZR1cbT,True,billing_subscription_payment,billing_subscription_payment,normal,Redirect / DM,intent_coverage_billing_subscription_payment,,,,,,pending,,billing_subscription_payment,,False,False,Brand response shown for reviewer orientation only. Financial-support category requires human review before final annotation.,high,Customer message contains specific evidence matching billing_subscription_payment in the documented taxonomy.
cand_0304,pair_2816730_2816729,2816730,@SpotifyCares How to add an account to a new phone as part of family plan?,,"@785204 Hi there, the cavalry's here! If you'd like to add a member to your Family plan, we'd suggest following the steps under ""Manage your Premium for Family plan"" at https://t.co/KJ8ayuKPFM. Hope this helps /AK",True,plan_management_discount,plan_management_discount,normal,Information / Explanation,intent_coverage_plan_management_discount,,,,,,pending,,plan_management_discount,,False,False,Brand response shown for reviewer orientation only.,high,Customer message contains specific evidence matching plan_management_discount in the documented taxonomy.
cand_0305,pair_2831211_2831210,2831211,do any of you guys know how to change country on spotify?,,@152976 Hey! Can you fire over your account's email address or username via DM? We'll see what we can suggest /RC https://t.co/ldFdZRiNAt,True,content_catalog_licensing,content_catalog_licensing,normal,Redirect / DM,intent_coverage_content_catalog_licensing,,,,,,pending,,content_catalog_licensing,,False,False,Brand response shown for reviewer orientation only.,high,Customer message contains specific evidence matching content_catalog_licensing in the documented taxonomy.
cand_0306,pair_2844601_2844600,2844601,@115888 how long is your £9.99 premium for 3 months offer last for? I'd love to use this but I don't get paid until Thursday!,,"@791310 Hey Amy! The offer lasts until the 31st of December, 2017. When you're ready, we'll be... https://t.co/MhJcJycMEx /JZ",True,billing_subscription_payment,billing_subscription_payment,normal,Other / Miscellaneous,intent_coverage_billing_subscription_payment,,,,,,pending,,billing_subscription_payment,other_miscellaneous,False,True,Brand response shown for reviewer orientation only. Financial-support category requires human review before final annotation.,medium,"Multiple taxonomy patterns matched (billing_subscription_payment, other_miscellaneous); guideline priority rules select billing_subscription_payment."
cand_0307,pair_2848349_2848347,2848349,I love when @115888 updates and deletes all your saved music....,,"@792143 Hi Ryan! That's not fun. What's the exact device, operating system, and Spotify app version you're using? Could you also DM us your account's email address? We'll do our best to help out /NJ https://t.co/ldFdZRiNAt",True,offline_downloads_issue,offline_downloads_issue,normal,Redirect / DM,intent_coverage_offline_downloads_issue,,,,,,pending,,offline_downloads_issue,other_miscellaneous,True,True,Brand response shown for reviewer orientation only.,medium,"Multiple taxonomy patterns matched (offline_downloads_issue, other_miscellaneous); guideline priority rules select offline_downloads_issue."
cand_0308,pair_2854417_2854416,2854417,"@SpotifyCares When I try to update my CC, the process won't complete (I get the loading gif forever). For context, the name on the new CC is different than mine. Any suggestions?",,"@793479 Hey Mark! Can you try using an incognito window? If it doesn't work, can you also use another web browser? Also, can you DM us your account's email address? We'll take a look backstage /SJ https://t.co/ldFdZRiNAt",True,app_technical_device,app_technical_device,normal,Redirect / DM,intent_coverage_app_technical_device,,,,,,pending,,app_technical_device,,False,False,Brand response shown for reviewer orientation only.,high,Customer message contains specific evidence matching app_technical_device in the documented taxonomy.
cand_0309,pair_2857485_2857487,2857486,"@SpotifyCares Moto G4 plus, Android 7 and Spotify version 8.4.28.875 arm v7. I just try anything what I could find from support sites and nothing worked. Thanks in advance","Customer: #Spotify @115888 I would like to use my SD card as storage, but couldn't see in the seetings the storage. I really think about to quit my Spotify membership.
Brand: @794177 Hi there! Can you let us know the device, OS, and Spotify version you're running? We'll see what we can suggest /DB",@794177 Got it. Can you also DM us your account's email address or username? We'll take a look backstage /MT https://t.co/ldFdZRiNAt,False,offline_downloads_issue,,normal,Redirect / DM,multi_turn_followup,,,,,,pending,,other_miscellaneous,,False,False,Brand response shown for reviewer orientation only.,low,No specific support-domain evidence matched; guidelines keep this as other_miscellaneous rather than inventing a label.
cand_0310,pair_2895441_2895443,2895442,@SpotifyCares Thanks!,"Customer: Pana la urma se lanseaza @115888 in Romania azi?
Brand: @802390 Hey Andrei! We don't have a specific date, but we're launching in new countries as often as possible. Be sure to add your email at https://t.co/X8DVSX9QgM /KL",@802390 You're welcome! Stay awesome /KL,False,unclear_insufficient_context,,context_dependent_followup,Generic Acknowledgement,hard_case_context_dependent_followup,content_catalog_licensing,,False,False,,reviewed,human_override,other_miscellaneous,,False,False,Brand response shown for reviewer orientation only.,low,No specific support-domain evidence matched; guidelines keep this as other_miscellaneous rather than inventing a label.
cand_0311,pair_2895446_2895444,2895446,Ugh @115888 is testing my patients today just work why do songs on my playlist keep stopping everytime I try to play them 😤😤😤,,"@211923 Hey Nicole, help's here. Can you let us know the device, OS, and Spotify version you're using? We'll see what we can suggest /KL",True,playlist_library_curation,"playback_streaming_issue,playlist_library_curation",multi_intent,Clarification / Request for Info,hard_case_multi_intent,,,,,,pending,,playlist_library_curation,playback_streaming_issue,True,True,Brand response shown for reviewer orientation only.,medium,"Multiple taxonomy patterns matched (playback_streaming_issue, playlist_library_curation); guideline priority rules select playlist_library_curation."
cand_0312,pair_2902798_2902797,2902798,@SpotifyCares I have the Student discount. I wanted to update my payment method but it shows the full price of 9.99. What should I do?,,@803979 Hi Anne! We've just sent you a bit more info over DM. We'll carry on helping out there /TR,True,billing_subscription_payment,"billing_subscription_payment,plan_management_discount,app_technical_device",multi_intent,Other / Miscellaneous,hard_case_multi_intent,,,,,,pending,,billing_subscription_payment,"plan_management_discount,app_technical_device",False,True,Brand response shown for reviewer orientation only. Financial-support category requires human review before final annotation.,medium,"Multiple taxonomy patterns matched (billing_subscription_payment, plan_management_discount, app_technical_device); guideline priority rules select billing_subscription_payment."
cand_0313,pair_2912412_2912411,2912412,is @117168 down???? like it keeps saying “An error occurred” but it’s connected to the internet?????,,"@806214 Hey Jacob! Hey. We had a little hiccup earlier, but everything should be running as smooth as Smooth Jazz now 🙂 /LP",True,other_miscellaneous,,normal,Other / Miscellaneous,intent_coverage_other_miscellaneous,,,,,,pending,,other_miscellaneous,,False,False,Brand response shown for reviewer orientation only.,low,No specific support-domain evidence matched; guidelines keep this as other_miscellaneous rather than inventing a label.
cand_0314,pair_2912455_2912454,2912455,@115888 is trippin,,"@806229 Hey Kallie! We had a little hiccup earlier, but everything’s looking good on our end now. Are you still having issues? /JE",True,unclear_insufficient_context,,insufficient_context,Other / Miscellaneous,hard_case_insufficient_context,,,,,,pending,,unclear_insufficient_context,,True,False,Brand response shown for reviewer orientation only. Very short message with no disambiguating context.,low,Customer message and available context lack enough diagnostic detail; guidelines route this to unclear_insufficient_context.
cand_0315,pair_2916622_2916621,2916622,@115888 hey I can't get in in my account and can't change the password.,,"@807298 Hey there, we're here to help! Could you DM us your account's email address and username? We'll take a look backstage /BX https://t.co/ldFdZRiNAt",True,account_access_credentials,account_access_credentials,normal,Redirect / DM,intent_coverage_account_access_credentials,,,,,,pending,,account_access_credentials,,False,False,Brand response shown for reviewer orientation only. Account/security category requires human review before final annotation.,high,Customer message contains specific evidence matching account_access_credentials in the documented taxonomy.
cand_0316,pair_2916662_2916661,2916662,"@Spotifycares I'd really appreciate a function on Spotify Connect to forget a device. My Spotify keeps connecting to my neighbour's phone, and they must be mistakenly selecting to Listen on This Phone at which point it swaps our music over. Not cool.",,@787422 We've just sent you a bit more info over DM. We'll carry on helping out there /MG,True,other_miscellaneous,,normal,Other / Miscellaneous,intent_coverage_other_miscellaneous,,,,,,pending,,other_miscellaneous,,False,False,Brand response shown for reviewer orientation only.,low,No specific support-domain evidence matched; guidelines keep this as other_miscellaneous rather than inventing a label.
cand_0317,pair_2917902_2917900,2917902,"@SpotifyCares Hi there, the Spotify app has stopped working for me, giving me an error message. I’ve restarted my phone. Closed and opened the app. Restarted my internet. Tried on 4G. To no avail. Looks like the web player is affected too. Any ideas what’s happening?",,@807654 Hey there! Thanks for letting us know. Everything’s looking good on our end now - are you still having this issue? /FR,True,playback_streaming_issue,playback_streaming_issue,normal,Generic Acknowledgement,intent_coverage_playback_streaming_issue,,,,,,pending,,playback_streaming_issue,,False,False,Brand response shown for reviewer orientation only.,high,Customer message contains specific evidence matching playback_streaming_issue in the documented taxonomy.
cand_0318,pair_2917977_2917979,2917978,@SpotifyCares All good,"Customer: Spotify is down and I need music
Brand: @491261 Hey Maury! We've made a few tweaks backstage, so this should now be fixed up. Let us know if not /CE",@491261 Great! Glad to hear it's working. Just give us a shout if we can help with anything else. https://t.co/m4HWSbgHVZ /CE,False,unclear_insufficient_context,,context_dependent_followup,Generic Acknowledgement,multi_turn_followup,playback_streaming_issue,,False,False,,reviewed,human_override,unclear_insufficient_context,,True,False,Brand response shown for reviewer orientation only.,low,Customer message and available context lack enough diagnostic detail; guidelines route this to unclear_insufficient_context.
cand_0319,pair_2920680_2920679,2920680,@SpotifyCares I'm down rn,,"@808340 Hi there, thanks for bearing with us! We had a little hiccup earlier, but everything should be running just fine now /JS",True,unclear_insufficient_context,,insufficient_context,Other / Miscellaneous,hard_case_insufficient_context,,,,,,pending,,unclear_insufficient_context,,True,False,Brand response shown for reviewer orientation only. Very short message with no disambiguating context.,low,Customer message and available context lack enough diagnostic detail; guidelines route this to unclear_insufficient_context.
cand_0320,pair_2946133_2946132,2946133,The bulk of our @113042 plays are remixes for other artists so we don't get monthly listener credit for that on @125633. So we look artificially low - more original music coming from us soon - but still we need credit for remixes #streaming #digitalmusic #musicdata,,"@598812 Hey! You can contact our Artist team about this here: https://t.co/41wf7ozbVm. If you've reached out, DM us your email address &amp; we'll chase it up /K https://t.co/ldFdZRiNAt",True,playback_streaming_issue,playback_streaming_issue,normal,Redirect / DM,intent_coverage_playback_streaming_issue,,,,,,pending,,playback_streaming_issue,,False,False,Brand response shown for reviewer orientation only.,high,Customer message contains specific evidence matching playback_streaming_issue in the documented taxonomy.
cand_0321,pair_2948936_2948935,2948936,@151631 hi! I am trying to create an account and it does not let me select a username. How can I create an account to give it a specific username? I would really appreciate your help. Thank you in advance!,,@814431 Hey Diana! We'd love to lend a hand. Could you DM us the email address you're using to sign up? We'll keep an eye out for it /LP https://t.co/ldFdZRiNAt,True,account_access_credentials,account_access_credentials,normal,Redirect / DM,intent_coverage_account_access_credentials,,,,,,pending,,account_access_credentials,other_miscellaneous,False,True,Brand response shown for reviewer orientation only. Account/security category requires human review before final annotation.,medium,"Multiple taxonomy patterns matched (account_access_credentials, other_miscellaneous); guideline priority rules select account_access_credentials."
cand_0322,pair_2950633_2950632,2950633,"I wish @115888 counted plays, so then I could see just how many times I've listened to #UndertheCovers2 since it came out on Friday. Spoiler alert, it's got to be at least 35 by now. @814829",,@814828 Hey! This sounds like a great idea! You can show your support for the same idea in our Community: https://t.co/2MDGCLPOX5 /JP,True,playback_streaming_issue,playback_streaming_issue,normal,Other / Miscellaneous,intent_coverage_playback_streaming_issue,,,,,,pending,,playback_streaming_issue,,False,False,Brand response shown for reviewer orientation only.,high,Customer message contains specific evidence matching playback_streaming_issue in the documented taxonomy.
